GeoUID,Type,Region Name,Area (sq km),Population ,Dwellings ,Households,"v_CA21_3: Population percentage change, 2016 to 2021"
5350001,CT,1,6.8192,599,253,235,0.7
5350002,CT,2,3.3926,604,294,284,-2.6
5350003,CT,3,0.9455,457,279,265,-39
5350004,CT,4,0.3404,6306,3620,3276,-5.7
5350005,CT,5,0.3764,6957,4235,3720,8.3
5350006,CT,6,0.0129,119,1,1,
5350007.01,CT,7.01,0.1999,3402,1838,1653,5.1
5350007.02,CT,7.02,0.4346,4422,2639,2372,-7
5350008.01,CT,8.01,0.3092,8480,5998,5470,13
5350008.02,CT,8.02,1.9151,11591,7827,7022,16.6
5350009,CT,9,0.1032,520,176,170,-8.3
5350010.01,CT,10.01,0.2476,5611,3400,3184,3.4
5350010.02,CT,10.02,0.5382,7468,4713,4264,-3.5
5350011.01,CT,11.01,0.4611,9592,7391,6377,47.4
5350011.02,CT,11.02,0.2877,9746,7605,6571,52.9
5350011.03,CT,11.03,0.2315,6391,5157,4120,36.9
5350012.01,CT,12.01,0.4305,13554,8969,7893,16.3
5350012.03,CT,12.03,0.4664,8957,6005,5176,1
5350012.04,CT,12.04,0.2407,5688,3967,3483,16.1
5350013.01,CT,13.01,0.3431,6820,4891,4241,8.4
5350013.02,CT,13.02,0.4225,10439,7001,6175,28.5
5350014,CT,14,0.4727,2382,1663,1312,91.8
5350015,CT,15,0.286,4922,3688,3046,34.4
5350016,CT,16,0.6317,11144,7596,6845,10.3
5350017.01,CT,17.01,0.8026,4787,3196,2948,106
5350017.02,CT,17.02,0.5681,8710,5537,5143,56
5350018,CT,18,0.347,3633,2167,1988,47.9
5350019,CT,19,0.2489,3269,1456,1374,0.3
5350020,CT,20,0.7287,2298,1036,991,-3.8
5350021,CT,21,0.9119,5192,2847,2610,-0.1
5350022,CT,22,0.5546,3847,1582,1482,-0.9
5350023,CT,23,0.6863,3374,1506,1408,5.2
5350024,CT,24,0.7093,6891,3148,2939,0.1
5350025,CT,25,0.5284,3553,1737,1628,2.8
5350026,CT,26,0.7772,6409,3027,2738,-1.2
5350027,CT,27,0.4853,4405,1889,1756,0.3
5350028.01,CT,28.01,0.2058,1290,714,654,-7
5350028.02,CT,28.02,0.4633,5868,2925,2763,-5.3
5350029,CT,29,0.6766,6722,3110,2945,-3.8
5350030,CT,30,0.3807,6926,3637,3264,52.9
5350031,CT,31,0.2583,5871,3263,2847,-6.4
5350032,CT,32,0.4197,6042,4010,3321,12.7
5350033,CT,33,0.3196,5515,3557,3123,9.4
5350034.01,CT,34.01,0.1245,5337,4071,3159,17.2
5350034.02,CT,34.02,0.3982,7992,5993,4896,55.3
5350035,CT,35,0.6627,10506,7669,6149,6.4
5350036,CT,36,0.3834,5685,3909,3398,3.6
5350037,CT,37,0.451,4802,2939,2359,6.9
5350038,CT,38,0.3662,3605,2046,1722,-4.4
5350039,CT,39,0.3177,4505,2279,2043,7.5
5350040,CT,40,0.3687,4274,1930,1739,-6.4
5350041,CT,41,0.3171,3324,1632,1480,-3.7
5350042,CT,42,0.4899,4423,2179,1960,-3.2
5350043,CT,43,0.5539,3670,1874,1662,-7.4
5350044.01,CT,44.01,0.3972,5016,2629,2414,-1.1
5350044.02,CT,44.02,0.0932,4255,2994,2702,13.3
5350045,CT,45,0.2951,3247,1601,1456,-6
5350046,CT,46,0.4227,3151,1474,1318,-4
5350047.02,CT,47.02,0.287,3511,2046,1775,-7.4
5350047.03,CT,47.03,0.1156,1014,575,549,44.2
5350047.04,CT,47.04,0.2738,2773,1198,1126,-2.6
5350048,CT,48,0.3349,3353,1630,1474,-5.7
5350049,CT,49,0.4652,3351,1477,1365,-8.5
5350050.01,CT,50.01,1.2981,8648,4533,4234,-1.1
5350050.03,CT,50.03,1.7111,1085,607,568,-2.2
5350050.04,CT,50.04,0.7566,4907,2300,2144,-2
5350051,CT,51,0.6912,4979,2376,2139,-7.8
5350052,CT,52,0.5005,4074,2022,1861,-0.1
5350053,CT,53,0.6839,5823,2892,2642,-2.7
5350054,CT,54,0.7024,5453,2948,2628,-6
5350055,CT,55,0.2764,2691,1442,1303,-2.6
5350056,CT,56,0.5095,4436,2200,1960,-7
5350057,CT,57,0.2664,2287,1249,1084,-1
5350058,CT,58,0.3841,3757,2048,1834,-5.6
5350059,CT,59,0.3666,3843,1639,1398,0.2
5350060,CT,60,0.2716,2550,1665,1362,-5
5350061,CT,61,0.7673,1202,533,481,10.8
5350062.01,CT,62.01,0.1068,4843,3148,2616,-13.4
5350062.03,CT,62.03,0.4638,4224,3208,2560,26.1
5350062.04,CT,62.04,0.1215,8524,6535,5409,48.7
5350063.03,CT,63.03,0.0934,4869,3604,3186,-4.6
5350063.04,CT,63.04,0.1409,4778,3507,3108,41.8
5350063.05,CT,63.05,0.1299,6551,5240,4250,51.3
5350063.06,CT,63.06,0.1922,6217,4628,4081,20.2
5350064,CT,64,0.1947,4963,3372,2929,15.1
5350065.01,CT,65.01,0.0861,2650,1872,1465,6.7
5350065.02,CT,65.02,0.1434,11120,5692,5135,-5.9
5350066,CT,66,0.3285,7062,4650,4192,-7.2
5350067,CT,67,0.6514,1692,843,781,-0.1
5350068,CT,68,0.4175,2451,1321,1226,3.5
5350069,CT,69,0.8625,4847,1983,1829,-1.5
5350070,CT,70,0.4435,3302,1781,1668,-6
5350071,CT,71,0.464,3342,1489,1406,-4
5350072.01,CT,72.01,0.4061,4509,1973,1881,-1.7
5350072.02,CT,72.02,0.5419,2985,1299,1222,-5
5350073,CT,73,0.3507,2478,1068,993,-4.9
5350074,CT,74,0.3912,3723,1683,1557,-3.2
5350075,CT,75,0.5072,4014,1817,1737,-1.7
5350076,CT,76,0.4682,4237,1870,1792,-4
5350077,CT,77,0.5997,4493,1923,1814,-3.8
5350078,CT,78,0.7622,6282,3121,2931,4.4
5350079,CT,79,1.0045,7424,2997,2874,1.3
5350080.01,CT,80.01,0.4847,3707,1717,1586,10.6
5350080.02,CT,80.02,0.4044,4642,2349,2110,-0.9
5350081,CT,81,0.368,2848,1154,1090,0
5350082,CT,82,0.3084,2647,1083,1021,-4.3
5350083,CT,83,0.4464,3869,1921,1798,-4.5
5350084,CT,84,0.409,3552,1558,1464,-6.8
5350085,CT,85,0.4947,4160,2347,2182,4.2
5350086,CT,86,1.139,2528,957,900,-5
5350087,CT,87,1.6034,4814,2608,2374,-6.6
5350088,CT,88,0.2297,3127,2129,1865,-3.8
5350089,CT,89,0.3297,5349,4313,3222,37.3
5350090,CT,90,0.3929,4020,2516,2244,-3
5350091.01,CT,91.01,0.5114,5739,3901,3244,-4.8
5350091.02,CT,91.02,0.323,3421,2260,1919,-3
5350092,CT,92,0.6258,6818,4125,3478,-6.3
5350093,CT,93,0.6155,5358,2481,2221,-5.2
5350094,CT,94,0.6373,4699,2141,1960,-5.1
5350095,CT,95,0.3148,2913,1401,1272,-5.9
5350096.01,CT,96.01,0.1989,1610,716,647,-2.9
5350096.02,CT,96.02,0.3492,3156,1557,1381,-5.4
5350097.01,CT,97.01,0.3799,3929,1710,1516,-9.1
5350097.03,CT,97.03,0.1677,2078,1370,1211,72.2
5350097.04,CT,97.04,0.323,5031,2481,2283,-7.9
5350098,CT,98,0.7166,6976,3231,2999,-1.7
5350099,CT,99,0.5812,6282,3371,3091,-4.6
5350100,CT,100,0.2858,2961,1552,1439,0.2
5350101,CT,101,0.4269,3246,1653,1505,3.8
5350102.02,CT,102.02,0.1157,4561,3199,2690,5.8
5350102.03,CT,102.03,0.1309,3576,2173,2038,-2.9
5350102.04,CT,102.04,0.1013,706,311,290,5.2
5350102.05,CT,102.05,0.119,842,358,343,-2.2
5350103,CT,103,0.8379,6195,2777,2646,2.4
5350104,CT,104,0.7373,5476,2135,2053,-0.9
5350105,CT,105,0.5507,4318,1921,1780,-4.2
5350106,CT,106,1.3787,3680,1427,1311,-2.5
5350107,CT,107,0.7226,4851,1867,1734,-4.6
5350108,CT,108,0.7441,5829,2678,2460,-3.1
5350109,CT,109,0.6301,5470,2382,2225,-0.5
5350110,CT,110,0.5441,3491,1544,1412,-2.4
5350111,CT,111,0.4532,2442,950,903,-2.6
5350112,CT,112,0.5017,4761,1995,1843,-10.1
5350113,CT,113,0.3823,2521,1189,1041,-8.5
5350114,CT,114,0.6246,5164,2564,2331,-3.5
5350115,CT,115,0.3777,4219,1737,1620,-3.5
5350116,CT,116,0.6801,4445,1982,1834,-4
5350117,CT,117,0.3983,2518,1416,1270,13.9
5350118,CT,118,0.6969,3995,2187,2018,-3.2
5350119,CT,119,0.8489,4856,2782,2458,4.9
5350120,CT,120,0.2586,1418,679,629,2.7
5350121,CT,121,0.2974,3183,2088,1759,19.7
5350122,CT,122,0.5338,6199,3791,3439,-0.3
5350123,CT,123,0.075,2377,1484,1399,4.8
5350124,CT,124,0.5514,5529,3605,3200,2.1
5350125,CT,125,1.1201,4270,1610,1540,-3.9
5350126,CT,126,1.4493,4164,1736,1672,-2
5350127,CT,127,0.7405,5293,2246,2127,-2.9
5350128.02,CT,128.02,0.5187,12611,8109,6896,44.9
5350128.04,CT,128.04,0.162,4772,3145,2936,1.6
5350128.05,CT,128.05,0.1816,1127,519,484,19.3
5350128.06,CT,128.06,0.0858,4870,3114,2867,16
5350129,CT,129,0.9274,5642,2780,2565,-2.2
5350130,CT,130,1.279,3355,1349,1253,-5.3
5350131,CT,131,1.0444,5258,2503,2330,-1
5350132,CT,132,0.9246,5350,2127,2010,-2.1
5350133,CT,133,0.6675,7082,3441,3237,-3.5
5350134,CT,134,0.417,2911,1070,1020,-1.6
5350135,CT,135,0.7162,6782,3909,3431,12.2
5350136.01,CT,136.01,0.192,7267,4719,4263,18.6
5350136.02,CT,136.02,0.2101,8740,6747,5167,75.4
5350137,CT,137,0.9142,6916,3639,3373,-2.3
5350138,CT,138,0.9655,3010,1218,1134,-3
5350139.01,CT,139.01,0.7736,4316,2091,1965,3.6
5350139.02,CT,139.02,0.5095,2440,945,887,-4
5350140,CT,140,0.572,2341,835,781,-2.8
5350141.01,CT,141.01,0.5504,4493,1734,1663,4
5350141.02,CT,141.02,0.6876,4653,1687,1621,3.9
5350142,CT,142,1.0439,5589,2316,2176,-3.8
5350150,CT,150,1.071,4210,1659,1589,0.2
5350151,CT,151,0.6388,3756,1580,1518,-0.7
5350152,CT,152,0.8517,4653,1847,1784,2.4
5350153,CT,153,0.9311,4460,1761,1675,0
5350154,CT,154,2.0905,6192,2905,2769,0.6
5350155,CT,155,0.8071,3080,1317,1240,-1.5
5350156.01,CT,156.01,0.6031,5700,2373,2288,0.2
5350156.02,CT,156.02,0.5874,2810,1120,1063,0
5350157,CT,157,0.4606,2716,1117,1036,3.1
5350158,CT,158,0.6353,3036,1421,1322,6.6
5350159.01,CT,159.01,0.4925,3506,1403,1272,0.5
5350159.02,CT,159.02,0.5785,4865,1899,1787,3
5350160,CT,160,0.7312,3152,1235,1154,1.2
5350161,CT,161,0.8113,6885,2723,2556,0.7
5350162,CT,162,0.5757,4846,2081,1908,-5.3
5350163,CT,163,0.4542,4308,1909,1743,-1.1
5350164,CT,164,0.6282,6002,2616,2423,-4.1
5350165,CT,165,0.4849,4209,1999,1830,-3.7
5350166,CT,166,0.786,4024,1733,1624,-3.7
5350167.01,CT,167.01,0.1341,2446,1740,1540,30.2
5350167.02,CT,167.02,0.6014,5745,3257,2878,-1.2
5350168,CT,168,0.5655,5674,2836,2565,3.6
5350169.01,CT,169.01,0.3781,3587,1571,1422,3.3
5350169.02,CT,169.02,0.4378,7596,3426,3252,1.8
5350170,CT,170,1.0124,3407,1348,1266,2.6
5350171,CT,171,0.61,3914,1572,1486,-3.5
5350172,CT,172,1.207,2505,1179,1087,-0.7
5350173,CT,173,0.5942,3586,1540,1400,-2.9
5350174,CT,174,1.0531,7062,2755,2621,-2.8
5350175.01,CT,175.01,0.7906,5963,2565,2348,-1.2
5350175.02,CT,175.02,0.7229,8672,4253,3920,12.9
5350176,CT,176,1.0009,4261,1762,1651,-0.4
5350180,CT,180,0.6138,6462,3016,2753,-1.4
5350181.01,CT,181.01,0.5706,4382,1928,1824,1.6
5350181.02,CT,181.02,0.6018,3546,1645,1554,-0.2
5350182,CT,182,0.7605,5407,2279,2141,-2.2
5350183.01,CT,183.01,0.5241,2623,1046,1003,0.8
5350183.02,CT,183.02,0.4281,4035,1621,1574,2.5
5350184.01,CT,184.01,0.4741,5008,2357,2228,-2
5350184.02,CT,184.02,0.5571,3671,1706,1608,-2.6
5350185.01,CT,185.01,0.4992,6836,3480,3279,0.4
5350185.02,CT,185.02,1.1945,4244,2114,1998,-9.5
5350186,CT,186,1.8682,2382,950,915,-1.4
5350187,CT,187,1.1945,3473,1417,1335,0.7
5350188,CT,188,0.552,2031,831,786,0.7
5350189,CT,189,1.2261,5655,2340,2265,3.5
5350190.01,CT,190.01,0.3985,8588,3468,3257,-5.9
5350190.02,CT,190.02,0.5813,4612,2095,1968,-3.2
5350191,CT,191,0.823,4372,1891,1774,3.4
5350192,CT,192,0.9181,843,467,414,-6.9
5350193,CT,193,1.3846,3264,1080,1037,-1.5
5350194.01,CT,194.01,0.2711,7821,2168,2040,-4
5350194.02,CT,194.02,0.3063,4717,1616,1493,-5.9
5350194.03,CT,194.03,0.2502,2700,1191,1148,-7.9
5350194.04,CT,194.04,2.2646,5399,2516,2383,7.6
5350195.01,CT,195.01,0.9373,4425,1747,1576,-1.3
5350195.02,CT,195.02,0.3781,2384,977,940,2.9
5350196.01,CT,196.01,0.3774,1942,815,772,-1.8
5350196.02,CT,196.02,1.1055,5577,2369,2232,-1
5350200.01,CT,200.01,0.5578,5594,3140,3002,-0.4
5350200.02,CT,200.02,0.1472,1049,671,639,6.9
5350201,CT,201,0.7606,5528,2932,2734,2.9
5350202,CT,202,0.3359,1640,668,644,-0.4
5350203,CT,203,0.5966,3425,1609,1518,8.4
5350204,CT,204,0.7465,4596,2310,2173,1.3
5350205,CT,205,0.7448,144,1,0,-3.4
5350206.01,CT,206.01,1.1402,5106,2626,2483,21.1
5350206.02,CT,206.02,1.0895,6294,3059,2810,7.3
5350207,CT,207,0.675,2597,1295,1142,-0.3
5350208,CT,208,1.2974,4165,2083,1960,-0.2
5350209,CT,209,0.681,2862,1451,1351,5.3
5350210.01,CT,210.01,2.9534,3703,1044,987,20.1
5350210.03,CT,210.03,0.4539,6959,4432,4159,33.7
5350210.04,CT,210.04,0.4751,10080,6673,6166,63
5350211,CT,211,3.2763,6884,2752,2631,8.4
5350212,CT,212,1.6941,5712,2282,2157,0.1
5350213.01,CT,213.01,0.9423,2658,1026,985,-0.3
5350213.02,CT,213.02,7.001,6301,3516,3312,4.2
5350214,CT,214,2.8231,6728,3333,3186,32.7
5350215,CT,215,2.5734,7151,3019,2887,6
5350216,CT,216,1.9782,5489,2224,2136,-0.8
5350217,CT,217,1.223,5900,3017,2832,3.7
5350218,CT,218,0.6764,2674,1055,1016,0.8
5350219,CT,219,1.3542,4531,1696,1644,2.3
5350220,CT,220,1.2991,4196,1597,1546,0.5
5350221.01,CT,221.01,1.6291,6363,2754,2674,-0.2
5350221.02,CT,221.02,0.805,5269,2169,2061,1.3
5350222.01,CT,222.01,1.2848,7105,2907,2795,6.1
5350222.02,CT,222.02,1.2002,4985,1851,1744,-3
5350223.01,CT,223.01,0.8578,1522,545,525,0
5350223.02,CT,223.02,0.8725,2180,793,763,2.1
5350224,CT,224,1.0381,1650,581,569,-2.7
5350225.01,CT,225.01,0.9188,5209,2597,2472,4.6
5350225.02,CT,225.02,0.3045,10827,5846,5429,11.5
5350226,CT,226,0.949,2813,1025,1004,-11.2
5350227,CT,227,0.4918,1752,678,651,0.1
5350228,CT,228,0.8207,3144,1522,1430,0.4
5350229,CT,229,0.3203,1226,396,388,0.2
5350230.01,CT,230.01,1.4481,2649,1297,1141,4.4
5350230.02,CT,230.02,0.9858,6558,2784,2675,0.3
5350231,CT,231,3.0227,6273,2559,2469,-2.9
5350232,CT,232,2.0474,3820,1341,1318,-0.1
5350233,CT,233,2.0783,5707,2079,2014,3.2
5350234,CT,234,2.1001,4531,1642,1593,0.2
5350235.01,CT,235.01,1.4071,2902,1042,1019,2.1
5350235.02,CT,235.02,1.078,5166,2041,1991,-2.1
5350236.01,CT,236.01,0.9868,6949,2750,2667,4.6
5350236.02,CT,236.02,3.9589,5902,2282,2241,-0.7
5350237.01,CT,237.01,1.1853,6641,2463,2381,-2.6
5350237.02,CT,237.02,0.955,3003,1064,1042,0.6
5350237.03,CT,237.03,1.0683,5935,2725,2629,5.3
5350238.01,CT,238.01,1.0368,3500,1327,1302,4.5
5350238.02,CT,238.02,0.9766,5306,2073,1960,1.2
5350239,CT,239,2.5251,6715,2511,2401,3.6
5350240.01,CT,240.01,1.2712,3377,1282,1242,0.3
5350240.02,CT,240.02,1.0371,6089,2614,2544,0.8
5350241,CT,241,1.0863,2772,1035,991,-14.2
5350242,CT,242,0.6108,1566,608,577,-6.5
5350243.01,CT,243.01,0.3152,6212,2233,2112,-6.7
5350243.02,CT,243.02,1.2154,3793,1346,1312,4.9
5350244.01,CT,244.01,1.4233,3663,1308,1262,-0.9
5350244.02,CT,244.02,1.4473,5703,1989,1931,-1
5350245,CT,245,1.4211,7033,2811,2682,1.4
5350246,CT,246,1.0727,3345,1312,1263,-7
5350247.01,CT,247.01,17.2448,9027,3172,3010,3.4
5350247.02,CT,247.02,3.2287,7213,2535,2433,0.6
5350248.02,CT,248.02,1.2135,5538,1840,1779,-2.3
5350248.03,CT,248.03,3.7328,2651,791,768,1.2
5350248.04,CT,248.04,1.4771,4945,1677,1576,3.6
5350248.05,CT,248.05,1.1307,4285,1389,1321,-1.1
5350249.01,CT,249.01,0.8298,4598,1422,1349,-1.1
5350249.03,CT,249.03,2.9649,5569,1671,1592,-2.2
5350249.04,CT,249.04,0.6869,2709,863,810,-19
5350249.05,CT,249.05,0.6431,5606,1705,1619,2.4
5350250.01,CT,250.01,1.3886,5047,1613,1497,-7.1
5350250.02,CT,250.02,1.9387,4958,1825,1747,0.6
5350250.04,CT,250.04,0.485,5939,2077,1983,-4.3
5350250.05,CT,250.05,0.6689,7031,2283,2201,-7.6
5350260.01,CT,260.01,0.7135,6590,2432,2348,-2.3
5350260.04,CT,260.04,0.1881,3879,1499,1381,-6.5
5350260.05,CT,260.05,0.2543,4139,1387,1330,3
5350260.06,CT,260.06,0.9202,4354,1784,1647,30
5350260.07,CT,260.07,0.3446,3591,1530,1487,-2.2
5350261,CT,261,1.9129,5547,2301,2207,0.8
5350262.01,CT,262.01,0.6709,5848,2756,2648,2
5350262.02,CT,262.02,2.146,6252,2519,2422,-0.3
5350263.02,CT,263.02,1.9994,3873,1963,1864,11.6
5350263.03,CT,263.03,1.5561,4635,2192,2086,-5.5
5350263.04,CT,263.04,0.6751,6464,3614,3406,-1
5350264,CT,264,3.4299,1260,470,416,-3.2
5350265,CT,265,2.6642,5555,1889,1801,16.8
5350266,CT,266,2.7255,3094,1159,1085,-3.6
5350267,CT,267,2.7052,6042,2117,2036,-5.1
5350268,CT,268,3.0255,6458,2935,2824,0.6
5350269.01,CT,269.01,0.7469,5284,2360,2224,4.5
5350269.02,CT,269.02,1.754,2562,947,908,-0.3
5350270.01,CT,270.01,1.1233,4763,1965,1879,-4.4
5350270.02,CT,270.02,0.7566,4263,1632,1557,0
5350271.01,CT,271.01,0.8935,2394,906,879,-1.4
5350271.02,CT,271.02,0.7092,4724,1767,1711,-1.9
5350272.01,CT,272.01,0.4552,5945,2414,2318,-0.7
5350272.02,CT,272.02,0.9988,4623,1789,1726,-1.7
5350273.01,CT,273.01,3.1903,3703,1316,1245,-7.7
5350273.02,CT,273.02,1.2888,4032,1528,1461,-3.1
5350274.01,CT,274.01,1.5248,4712,1800,1690,-3.8
5350274.02,CT,274.02,1.3314,4558,2061,1946,-3.8
5350275,CT,275,1.9615,5567,2422,2295,-4.6
5350276.01,CT,276.01,1.2261,6317,2605,2488,-2
5350276.02,CT,276.02,1.2826,6567,2512,2355,-4.4
5350277,CT,277,1.0278,3925,1323,1199,-3.9
5350278,CT,278,1.3337,7734,2972,2787,0
5350279.01,CT,279.01,1.2144,4135,1668,1565,2.7
5350279.02,CT,279.02,1.5756,6140,2375,2260,-5.6
5350280,CT,280,2.1365,7217,3002,2875,-1.6
5350281.01,CT,281.01,0.9657,6403,2333,2227,-1.2
5350281.02,CT,281.02,0.4129,3921,1339,1295,-0.5
5350282,CT,282,2.2191,4588,1676,1587,2.4
5350283.01,CT,283.01,0.919,5153,1927,1846,-4.6
5350283.02,CT,283.02,1.1649,4390,1768,1676,-3.3
5350284,CT,284,1.4127,6762,2566,2407,-1.1
5350285,CT,285,1.1139,3278,1257,1196,0.2
5350286,CT,286,3.2442,6768,3230,3012,58.4
5350287.02,CT,287.02,1.058,6471,2392,2246,-3.9
5350287.03,CT,287.03,0.4842,2699,1236,1148,-21.4
5350287.04,CT,287.04,0.5939,4551,2059,1981,1.7
5350288,CT,288,2.6307,11027,4955,4610,10.6
5350289,CT,289,1.3017,4885,1921,1827,3.6
5350290.01,CT,290.01,0.944,3748,1530,1446,3.5
5350290.02,CT,290.02,0.3462,1652,797,756,7.7
5350291.02,CT,291.02,1.1464,4881,2038,1930,-1.3
5350291.03,CT,291.03,0.4174,2721,1154,1103,18.2
5350291.04,CT,291.04,0.5131,1572,685,649,-0.8
5350292,CT,292,3.7345,8580,2936,2790,27.7
5350293,CT,293,2.0084,6808,2410,2326,9.1
5350294.01,CT,294.01,0.8618,4177,1580,1527,-4.8
5350294.02,CT,294.02,1.0199,4449,1442,1387,-1.2
5350295,CT,295,1.0854,5481,2030,1953,5.8
5350296,CT,296,4.6465,1744,689,653,2625
5350297.01,CT,297.01,1.1337,7239,3069,2925,-1
5350297.02,CT,297.02,1.5096,6646,2684,2547,2.2
5350298,CT,298,2.2618,4561,1612,1532,-2.1
5350299.01,CT,299.01,2.8825,6289,2375,2237,0.5
5350299.02,CT,299.02,0.1593,5130,3025,2786,-2.2
5350300.01,CT,300.01,0.1208,3850,2404,2141,-1.1
5350300.02,CT,300.02,0.2063,7505,4136,3889,0.8
5350300.03,CT,300.03,0.7065,2448,1024,969,5.2
5350301.01,CT,301.01,0.8978,2863,1085,1053,-1.8
5350301.03,CT,301.03,0.2736,8324,3779,3496,19.8
5350301.04,CT,301.04,1.4262,8766,4256,3962,49.6
5350302.01,CT,302.01,1.2292,6114,2409,2344,-2.2
5350302.02,CT,302.02,1.0839,5867,2068,1993,-4.4
5350302.03,CT,302.03,0.6939,3267,1187,1105,-4.6
5350303,CT,303,1.0633,6080,2470,2288,13.5
5350304.01,CT,304.01,0.2493,4404,1619,1573,-3
5350304.02,CT,304.02,1.2122,4595,1884,1815,-3.8
5350304.03,CT,304.03,0.9843,2484,868,850,-14.3
5350304.04,CT,304.04,0.2344,3482,1412,1323,-6.5
5350304.05,CT,304.05,0.703,2686,1111,1069,-5.7
5350304.06,CT,304.06,0.7489,5725,2232,2168,-1.4
5350305.01,CT,305.01,2.4076,4421,1674,1599,-0.7
5350305.03,CT,305.03,0.7113,4766,2300,2126,-3
5350305.05,CT,305.05,0.3747,6580,3689,3431,16.7
5350305.06,CT,305.06,0.6291,4366,2775,2452,24.9
5350306.01,CT,306.01,1.1721,4612,1601,1508,0.8
5350306.02,CT,306.02,1.1185,4686,1846,1722,-2.2
5350307.03,CT,307.03,0.1101,4957,2546,2336,-1.6
5350307.04,CT,307.04,0.153,6919,3889,3386,-1.6
5350307.05,CT,307.05,0.1046,3365,2032,1870,-6
5350307.06,CT,307.06,0.1042,5057,2412,2250,-6.8
5350307.07,CT,307.07,1.2246,6216,2569,2381,-1.7
5350308.02,CT,308.02,1.4247,4327,1680,1573,0.4
5350308.03,CT,308.03,0.3967,1115,411,383,-2.8
5350308.05,CT,308.05,0.7395,2386,894,856,2.5
5350308.06,CT,308.06,0.1911,5585,3016,2848,-3
5350308.07,CT,308.07,0.1545,3797,2360,2170,11.9
5350309,CT,309,0.7366,6361,2442,2294,-0.3
5350310.01,CT,310.01,1.4131,3609,1275,1215,2.8
5350310.02,CT,310.02,2.1037,5328,2017,1921,5.5
5350311.02,CT,311.02,0.8905,6010,2312,2217,3.2
5350311.03,CT,311.03,0.8,2672,904,874,0.8
5350311.04,CT,311.04,0.9599,6517,2226,2158,-0.5
5350311.05,CT,311.05,0.3457,6698,2666,2443,-1.8
5350311.06,CT,311.06,10.2352,6660,2996,2655,15.9
5350312.02,CT,312.02,0.5212,3505,1180,1127,1.7
5350312.03,CT,312.03,1.4873,6374,2210,2114,-0.7
5350312.04,CT,312.04,0.7255,5234,1705,1618,-9.2
5350312.05,CT,312.05,0.3459,3685,1306,1270,-3.9
5350312.06,CT,312.06,0.4584,3415,1103,1053,-0.8
5350312.07,CT,312.07,0.6223,3535,1486,1430,14.9
5350313,CT,313,2.87,5554,1894,1825,0
5350314.01,CT,314.01,0.4281,6275,2356,2267,24.6
5350314.02,CT,314.02,1.0903,5130,1666,1585,3.5
5350315.01,CT,315.01,1.5036,3267,1207,1109,-3
5350315.02,CT,315.02,0.4279,3365,1137,1060,-5
5350315.03,CT,315.03,6.0097,5562,1907,1759,1
5350316.01,CT,316.01,1.7746,3970,1277,1215,1.5
5350316.03,CT,316.03,0.4007,5761,2034,1934,-2.2
5350316.04,CT,316.04,0.461,4105,1763,1645,-4
5350316.05,CT,316.05,0.4047,4104,1417,1351,2.8
5350316.06,CT,316.06,0.4052,3367,1139,1084,-8.3
5350317.02,CT,317.02,0.4323,7242,3415,3221,-1.4
5350317.03,CT,317.03,1.1854,3531,1253,1224,-4.3
5350317.04,CT,317.04,0.7174,6731,2615,2503,1.6
5350317.05,CT,317.05,0.4948,2162,830,799,-3
5350318.01,CT,318.01,1.415,4762,1806,1704,0.9
5350318.02,CT,318.02,0.4914,4137,1939,1802,7.4
5350319,CT,319,1.2016,4099,1595,1509,-2.2
5350320.01,CT,320.01,0.7368,5178,2111,2020,-0.4
5350320.02,CT,320.02,0.8528,5802,2123,2055,-1.1
5350321.01,CT,321.01,1.2567,3808,1359,1282,-0.6
5350321.02,CT,321.02,1.2172,3879,1541,1442,-3.7
5350322.01,CT,322.01,0.2081,4495,2366,2192,-5.1
5350322.02,CT,322.02,1.4061,3814,1326,1249,9
5350323.01,CT,323.01,1.0347,4274,1903,1813,-0.3
5350323.02,CT,323.02,1.8295,4950,1936,1828,-7.8
5350324.01,CT,324.01,1.1843,3275,1195,1114,-6.4
5350324.02,CT,324.02,1.8907,5925,2252,2163,-3.2
5350324.03,CT,324.03,2.1668,3671,1754,1673,-4.9
5350324.05,CT,324.05,0.6557,3336,1411,1375,-1.5
5350324.06,CT,324.06,0.6561,3442,1200,1171,-3.3
5350330,CT,330,2.2367,4252,1759,1708,-0.8
5350331.01,CT,331.01,1.574,5545,2294,2223,-1.5
5350331.03,CT,331.03,0.5097,6065,1931,1852,-1.6
5350331.04,CT,331.04,1.1055,3372,1400,1341,5
5350332,CT,332,1.53,7337,2902,2761,-0.2
5350333,CT,333,2.4472,4717,1711,1632,0.5
5350334,CT,334,2.448,3610,1359,1285,3.1
5350335,CT,335,2.2299,7857,3091,2960,1.5
5350336,CT,336,1.6111,6901,2573,2440,1.9
5350337.01,CT,337.01,0.2017,1177,630,564,63.2
5350337.02,CT,337.02,0.6467,2008,884,841,-6.8
5350338,CT,338,1.6845,6092,2811,2679,2.3
5350339,CT,339,1.8174,6937,3257,3093,3.7
5350340,CT,340,1.2679,6931,2577,2456,2.4
5350341.02,CT,341.02,0.8044,4576,1924,1791,4.5
5350341.03,CT,341.03,0.4,3185,1238,1165,-7.3
5350341.04,CT,341.04,0.671,6152,2493,2359,2
5350342,CT,342,1.2368,7329,2438,2368,-3.1
5350343,CT,343,1.1126,4260,1650,1549,1
5350344.01,CT,344.01,1.0624,5183,1973,1841,-0.1
5350344.02,CT,344.02,0.2228,3301,1842,1773,-1.9
5350345,CT,345,0.7893,4042,1449,1360,2.6
5350346.01,CT,346.01,1.5133,4630,1707,1612,-0.1
5350346.02,CT,346.02,0.4,5323,2030,1959,-1.2
5350347,CT,347,1.4992,3390,1109,1080,19.7
5350348,CT,348,2.3159,5780,2020,1947,3.2
5350349,CT,349,0.8762,5633,2350,2220,-1.5
5350350,CT,350,3.361,5228,2046,1944,-3.5
5350351.01,CT,351.01,0.9749,5376,2119,1993,-2.2
5350351.02,CT,351.02,0.5669,2683,1074,1013,-2.6
5350352,CT,352,1.1268,5278,1917,1829,-0.6
5350353.02,CT,353.02,1.2111,5464,1717,1641,3
5350353.03,CT,353.03,0.4081,3000,1094,1044,-3.4
5350353.04,CT,353.04,0.6296,4255,1637,1531,-5.6
5350354,CT,354,1.3228,5421,1847,1716,0.3
5350355.02,CT,355.02,1.1008,5097,1975,1897,-2.2
5350355.04,CT,355.04,0.5752,5152,1803,1741,-2.2
5350355.05,CT,355.05,0.3124,3525,1488,1395,16.2
5350355.06,CT,355.06,0.1918,1791,610,586,9
5350356,CT,356,1.5419,4962,1599,1515,2.7
5350357.01,CT,357.01,1.0372,6706,2480,2351,-5.9
5350357.02,CT,357.02,1.0921,5001,1775,1704,1.2
5350358.01,CT,358.01,1.1212,3504,1181,1116,3.1
5350358.02,CT,358.02,0.6179,5280,2151,2042,11.6
5350358.03,CT,358.03,1.0926,5718,2298,2209,2.1
5350359,CT,359,2.2076,7681,2947,2760,1.6
5350360,CT,360,4.5229,6231,2126,2049,2
5350361.01,CT,361.01,2.9344,6037,2023,1972,4
5350361.02,CT,361.02,2.4706,7416,2490,2449,-1.9
5350362.01,CT,362.01,2.4932,6291,2145,2085,-0.1
5350362.02,CT,362.02,1.9403,5803,1765,1696,3.1
5350362.03,CT,362.03,3.2757,6875,2200,2098,0.1
5350362.04,CT,362.04,1.3474,5240,1918,1839,4.4
5350363.02,CT,363.02,1.1895,3270,1126,1089,0.5
5350363.04,CT,363.04,1.1258,3908,1172,1150,6.5
5350363.05,CT,363.05,0.5046,4665,1779,1695,2.8
5350363.06,CT,363.06,0.821,7176,3441,3267,-1.8
5350363.07,CT,363.07,2.2422,5164,2011,1934,-3.3
5350364.01,CT,364.01,2.863,5865,2029,1942,-2.2
5350364.02,CT,364.02,0.7384,3110,999,951,1.9
5350365,CT,365,1.5674,7650,2450,2328,17.7
5350366,CT,366,1.4384,6228,2157,2080,1.5
5350367.01,CT,367.01,0.7132,4534,1394,1353,-3.7
5350367.02,CT,367.02,1.0307,3560,1222,1170,0.3
5350368.01,CT,368.01,0.8885,6624,3770,3438,-3.2
5350368.02,CT,368.02,1.5627,4365,1621,1563,1.2
5350369,CT,369,2.4493,8145,2489,2415,0.6
5350370.01,CT,370.01,1.7559,9656,3795,3680,-3.2
5350370.02,CT,370.02,2.2738,5574,1885,1833,-0.1
5350370.03,CT,370.03,0.8572,4262,1446,1377,3
5350371,CT,371,3.7241,8463,3020,2890,11
5350372,CT,372,1.3179,4333,1514,1442,-0.3
5350373,CT,373,0.9586,4934,1874,1767,2.7
5350374.01,CT,374.01,1.1867,5150,1937,1799,6.2
5350374.02,CT,374.02,0.8023,3171,1084,1066,-1.4
5350374.03,CT,374.03,0.808,4053,1700,1607,-3.1
5350375.01,CT,375.01,0.9531,6266,2799,2723,-0.9
5350375.02,CT,375.02,0.6138,1887,695,675,-3.7
5350375.03,CT,375.03,0.8111,5221,1908,1847,-1.8
5350375.04,CT,375.04,0.9213,5785,1934,1882,9.2
5350375.05,CT,375.05,1.1294,6915,2768,2684,-4.1
5350376.01,CT,376.01,1.046,5025,1653,1598,-1.4
5350376.02,CT,376.02,0.8583,4667,1639,1566,-9.8
5350376.04,CT,376.04,1.1941,5296,2030,1927,-3
5350376.05,CT,376.05,1.2908,6299,2043,1979,-8.2
5350376.06,CT,376.06,2.1919,428,252,222,-11.6
5350376.08,CT,376.08,0.8788,6056,2222,2157,-1.6
5350376.09,CT,376.09,0.801,4250,1639,1582,-8.4
5350376.11,CT,376.11,0.4704,3313,1053,1021,-3
5350376.12,CT,376.12,0.9122,5081,1921,1867,-4.5
5350376.13,CT,376.13,0.511,3626,1379,1327,-7.1
5350376.14,CT,376.14,0.7362,3472,1078,1049,-7.7
5350376.15,CT,376.15,0.9131,3560,1572,1508,-3.7
5350376.16,CT,376.16,0.2715,4484,1959,1846,6.1
5350377.02,CT,377.02,1.906,4356,1466,1384,-1.1
5350377.03,CT,377.03,0.6501,2682,862,841,-4.7
5350377.04,CT,377.04,0.8833,5466,1716,1655,-8
5350377.06,CT,377.06,0.5117,3408,985,957,-10.5
5350377.07,CT,377.07,0.7646,4556,1313,1273,-6.2
5350377.08,CT,377.08,1.2682,4912,1737,1670,-1.9
5350377.09,CT,377.09,0.7807,5506,2998,2735,38.1
5350378.02,CT,378.02,1.0584,2970,943,900,-8.8
5350378.03,CT,378.03,2.198,7948,2886,2684,7.9
5350378.04,CT,378.04,1.2793,5958,1805,1736,-3.1
5350378.05,CT,378.05,0.7276,3905,1246,1194,-0.1
5350378.06,CT,378.06,1.7819,5763,1733,1643,-4.9
5350378.07,CT,378.07,2.8047,6694,2292,2204,-5.7
5350378.08,CT,378.08,0.8857,6275,2167,2046,0.2
5350378.11,CT,378.11,0.9593,5633,1801,1734,-1.1
5350378.12,CT,378.12,0.7839,5300,1991,1880,2.3
5350378.14,CT,378.14,0.9291,3707,1183,1141,-4.8
5350378.16,CT,378.16,0.6381,5695,2005,1883,-6.7
5350378.17,CT,378.17,0.474,3265,963,922,-2.1
5350378.18,CT,378.18,0.0909,2587,1112,1081,-6.4
5350378.19,CT,378.19,4.5022,4808,1433,1389,-6.9
5350378.2,CT,378.2,0.1095,1918,772,760,-8.4
5350378.21,CT,378.21,0.7018,3612,1062,1036,-8.5
5350378.22,CT,378.22,0.5321,3114,890,867,-9.8
5350378.23,CT,378.23,1.5314,3840,1325,1283,-6.2
5350378.24,CT,378.24,2.5129,5820,2199,2126,-4.7
5350378.25,CT,378.25,4.726,7612,1901,1862,-4
5350378.26,CT,378.26,1.6267,4867,1234,1213,2.2
5350378.27,CT,378.27,19.9096,5547,1565,1526,-4.5
5350378.28,CT,378.28,2.2278,6946,2017,1931,-3.2
5350802.01,CT,802.01,2.1742,4011,1328,1303,4.8
5350802.02,CT,802.02,2.257,5373,1830,1799,-5.3