GeoUID,Type,Region Name,Area (sq km),Population ,Dwellings ,Households ,v_CA21_4818: Total - Generation status for the population in private households,v_CA21_4821: First generation,v_CA21_4824: Second generation,v_CA21_4827: Third generation or more,v_CA21_914: Income statistics for private households,v_CA21_917: Income statistics for one-person private households,v_CA21_920: Income statistics for two-or-more-persons private households,v_CA21_905: Income statistics for private households,"v_CA21_1: Population, 2021",v_CA21_6: Population density per square kilometre
5350001.00,CT,0001.00,6.8192,599,253,235,590,160,200,230,245,65,180,235,599,87.8
5350002.00,CT,0002.00,3.3926,604,294,284,605,150,140,310,285,95,190,285,604,178
5350003.00,CT,0003.00,0.9455,457,279,265,525,255,160,110,270,110,155,265,457,483.3
5350004.00,CT,0004.00,0.3404,6306,3620,3276,5905,3025,1365,1520,3270,1720,1545,3280,6306,18525.3
5350005.00,CT,0005.00,0.3764,6957,4235,3720,6730,2965,1785,1980,3720,1845,1875,3720,6957,18483
5350006.00,CT,0006.00,0.0129,119,1,1,,,,,,,,,119,9224.8
5350007.01,CT,0007.01,0.1999,3402,1838,1653,3155,1495,780,880,1720,865,855,1655,3402,17018.5
5350007.02,CT,0007.02,0.4346,4422,2639,2372,4185,2250,970,965,2305,1190,1120,2370,4422,10174.9
5350008.01,CT,0008.01,0.3092,8480,5998,5470,8375,3315,2410,2650,5390,2945,2450,5470,8480,27425.6
5350008.02,CT,0008.02,1.9151,11591,7827,7022,11545,5400,3235,2905,7020,3685,3335,7025,11591,6052.4
5350009.00,CT,0009.00,0.1032,520,176,170,285,140,85,55,180,95,80,170,520,5038.8
5350010.01,CT,0010.01,0.2476,5611,3400,3184,5655,1855,1815,1985,3255,1550,1700,3185,5611,22661.6
5350010.02,CT,0010.02,0.5382,7468,4713,4264,7235,2670,2180,2380,4265,2260,2005,4260,7468,13875.9
5350011.01,CT,0011.01,0.4611,9592,7391,6377,9500,3600,2860,3045,6385,3945,2440,6375,9592,20802.4
5350011.02,CT,0011.02,0.2877,9746,7605,6571,9840,5250,2350,2240,6690,4145,2550,6570,9746,33875.6
5350011.03,CT,0011.03,0.2315,6391,5157,4120,6230,3445,1395,1390,3995,2325,1670,4120,6391,27606.9
5350012.01,CT,0012.01,0.4305,13554,8969,7893,13530,7905,3200,2420,7895,3905,3990,7890,13554,31484.3
5350012.03,CT,0012.03,0.4664,8957,6005,5176,9010,5225,2035,1745,5200,2435,2760,5175,8957,19204.5
5350012.04,CT,0012.04,0.2407,5688,3967,3483,5595,3225,1165,1205,3460,1760,1695,3485,5688,23631.1
5350013.01,CT,0013.01,0.3431,6820,4891,4241,6810,3335,1820,1660,4285,2425,1855,4240,6820,19877.6
5350013.02,CT,0013.02,0.4225,10439,7001,6175,10410,6155,2270,1985,6130,3020,3115,6175,10439,24707.7
5350014.00,CT,0014.00,0.4727,2382,1663,1312,2175,1290,555,330,1335,715,625,1310,2382,5039.1
5350015.00,CT,0015.00,0.286,4922,3688,3046,4940,2220,1240,1475,3015,1620,1395,3045,4922,17209.8
5350016.00,CT,0016.00,0.6317,11144,7596,6845,10845,4275,3115,3455,6845,3905,2940,6845,11144,17641.3
5350017.01,CT,0017.01,0.8026,4787,3196,2948,4640,1870,1195,1570,2905,1595,1310,2945,4787,5964.4
5350017.02,CT,0017.02,0.5681,8710,5537,5143,8825,4075,2360,2390,5185,2765,2420,5145,8710,15331.8
5350018.00,CT,0018.00,0.347,3633,2167,1988,3510,915,1125,1465,1945,885,1055,1985,3633,10469.7
5350019.00,CT,0019.00,0.2489,3269,1456,1374,3200,1105,945,1150,1415,440,975,1375,3269,13133.8
5350020.00,CT,0020.00,0.7287,2298,1036,991,2385,630,765,990,1005,305,705,990,2298,3153.6
5350021.00,CT,0021.00,0.9119,5192,2847,2610,5100,1510,1335,2260,2595,1160,1440,2610,5192,5693.6
5350022.00,CT,0022.00,0.5546,3847,1582,1482,3855,725,1135,1995,1480,355,1125,1480,3847,6936.5
5350023.00,CT,0023.00,0.6863,3374,1506,1408,3350,695,890,1765,1410,430,975,1405,3374,4916.2
5350024.00,CT,0024.00,0.7093,6891,3148,2939,6820,1565,2040,3215,2940,950,1990,2940,6891,9715.2
5350025.00,CT,0025.00,0.5284,3553,1737,1628,3540,800,1010,1725,1630,630,1005,1630,3553,6724.1
5350026.00,CT,0026.00,0.7772,6409,3027,2738,6400,1840,1880,2680,2735,890,1845,2740,6409,8246.3
5350027.00,CT,0027.00,0.4853,4405,1889,1756,4375,1310,1245,1820,1770,515,1255,1755,4405,9076.9
5350028.01,CT,0028.01,0.2058,1290,714,654,1335,405,415,510,675,275,405,655,1290,6268.2
5350028.02,CT,0028.02,0.4633,5868,2925,2763,5540,1495,1660,2380,2705,1070,1630,2765,5868,12665.7
5350029.00,CT,0029.00,0.6766,6722,3110,2945,6595,2580,1890,2125,2915,1055,1860,2945,6722,9935
5350030.00,CT,0030.00,0.3807,6926,3637,3264,7280,3425,2390,1470,3445,1450,1995,3265,6926,18192.8
5350031.00,CT,0031.00,0.2583,5871,3263,2847,5470,3195,1415,855,2670,1285,1385,2845,5871,22729.4
5350032.00,CT,0032.00,0.4197,6042,4010,3321,5600,2730,1325,1545,3360,2000,1365,3320,6042,14396
5350033.00,CT,0033.00,0.3196,5515,3557,3123,5045,3045,975,1020,3085,1780,1300,3125,5515,17255.9
5350034.01,CT,0034.01,0.1245,5337,4071,3159,5000,3060,1015,925,3110,1805,1310,3160,5337,42867.5
5350034.02,CT,0034.02,0.3982,7992,5993,4896,7755,4465,1705,1580,4930,2840,2090,4895,7992,20070.3
5350035.00,CT,0035.00,0.6627,10506,7669,6149,10475,7080,2040,1355,6120,3135,2985,6145,10506,15853.3
5350036.00,CT,0036.00,0.3834,5685,3909,3398,5715,2920,1485,1310,3425,1870,1560,3395,5685,14827.9
5350037.00,CT,0037.00,0.451,4802,2939,2359,4455,2535,1020,900,2335,1105,1225,2355,4802,10647.5
5350038.00,CT,0038.00,0.3662,3605,2046,1722,3320,1715,725,875,1655,770,885,1725,3605,9844.3
5350039.00,CT,0039.00,0.3177,4505,2279,2043,4630,2585,1215,830,2115,925,1185,2040,4505,14180
5350040.00,CT,0040.00,0.3687,4274,1930,1739,4255,2135,1055,1060,1735,555,1180,1740,4274,11592.1
5350041.00,CT,0041.00,0.3171,3324,1632,1480,3275,1370,955,945,1480,500,980,1480,3324,10482.5
5350042.00,CT,0042.00,0.4899,4423,2179,1960,4285,1590,1270,1415,1965,680,1280,1960,4423,9028.4
5350043.00,CT,0043.00,0.5539,3670,1874,1662,3610,1325,1115,1160,1660,600,1060,1665,3670,6625.7
5350044.01,CT,0044.01,0.3972,5016,2629,2414,4915,1775,1575,1565,2385,895,1485,2415,5016,12628.4
5350044.02,CT,0044.02,0.0932,4255,2994,2702,4215,1460,1325,1430,2695,1495,1200,2705,4255,45654.5
5350045.00,CT,0045.00,0.2951,3247,1601,1456,3115,1220,895,995,1475,545,935,1455,3247,11003
5350046.00,CT,0046.00,0.4227,3151,1474,1318,3235,1355,995,885,1330,375,955,1320,3151,7454.5
5350047.02,CT,0047.02,0.287,3511,2046,1775,3475,1710,910,860,1765,885,875,1775,3511,12233.4
5350047.03,CT,0047.03,0.1156,1014,575,549,1080,255,335,490,560,235,325,550,1014,8771.6
5350047.04,CT,0047.04,0.2738,2773,1198,1126,2760,730,860,1170,1135,315,820,1125,2773,10127.8
5350048.00,CT,0048.00,0.3349,3353,1630,1474,3260,915,1005,1340,1450,510,945,1470,3353,10011.9
5350049.00,CT,0049.00,0.4652,3351,1477,1365,3150,725,980,1440,1355,415,935,1365,3351,7203.4
5350050.01,CT,0050.01,1.2981,8648,4533,4234,8455,3145,2510,2795,4230,1760,2470,4235,8648,6662
5350050.03,CT,0050.03,1.7111,1085,607,568,1080,460,365,265,585,260,330,570,1085,634.1
5350050.04,CT,0050.04,0.7566,4907,2300,2144,5090,1685,1625,1775,2145,710,1435,2145,4907,6485.6
5350051.00,CT,0051.00,0.6912,4979,2376,2139,4890,1260,1555,2080,2135,750,1380,2135,4979,7203.4
5350052.00,CT,0052.00,0.5005,4074,2022,1861,4035,1100,1265,1670,1865,720,1140,1860,4074,8139.9
5350053.00,CT,0053.00,0.6839,5823,2892,2642,5790,2390,1675,1735,2660,965,1695,2640,5823,8514.4
5350054.00,CT,0054.00,0.7024,5453,2948,2628,5420,2135,1420,1860,2610,1065,1545,2625,5453,7763.4
5350055.00,CT,0055.00,0.2764,2691,1442,1303,2685,795,825,1060,1305,525,785,1300,2691,9735.9
5350056.00,CT,0056.00,0.5095,4436,2200,1960,4340,1575,1280,1485,1955,615,1340,1960,4436,8706.6
5350057.00,CT,0057.00,0.2664,2287,1249,1084,2340,765,725,845,1115,450,665,1085,2287,8584.8
5350058.00,CT,0058.00,0.3841,3757,2048,1834,3765,1340,1100,1325,1800,700,1100,1835,3757,9781.3
5350059.00,CT,0059.00,0.3666,3843,1639,1398,3140,1275,880,990,1425,480,950,1400,3843,10482.8
5350060.00,CT,0060.00,0.2716,2550,1665,1362,2500,980,720,810,1330,620,710,1360,2550,9388.8
5350061.00,CT,0061.00,0.7673,1202,533,481,790,580,150,60,485,295,190,480,1202,1566.5
5350062.01,CT,0062.01,0.1068,4843,3148,2616,4075,2335,960,780,2650,1610,1040,2615,4843,45346.4
5350062.03,CT,0062.03,0.4638,4224,3208,2560,3915,2495,725,695,2505,1345,1160,2560,4224,9107.4
5350062.04,CT,0062.04,0.1215,8524,6535,5409,8680,5825,1795,1060,5430,3070,2360,5410,8524,70156.4
5350063.03,CT,0063.03,0.0934,4869,3604,3186,4970,2905,930,1135,3240,1905,1330,3185,4869,52130.6
5350063.04,CT,0063.04,0.1409,4778,3507,3108,4995,2665,1115,1220,3215,1875,1345,3110,4778,33910.6
5350063.05,CT,0063.05,0.1299,6551,5240,4250,6360,3950,1290,1120,4195,2540,1655,4250,6551,50431.1
5350063.06,CT,0063.06,0.1922,6217,4628,4081,5995,3150,1235,1610,4020,2470,1545,4085,6217,32346.5
5350064.00,CT,0064.00,0.1947,4963,3372,2929,4770,2330,1010,1435,2965,1575,1385,2930,4963,25490.5
5350065.01,CT,0065.01,0.0861,2650,1872,1465,2655,1850,430,375,1435,655,780,1465,2650,30778.2
5350065.02,CT,0065.02,0.1434,11120,5692,5135,11110,7670,2360,1080,5135,2155,2980,5135,11120,77545.3
5350066.00,CT,0066.00,0.3285,7062,4650,4192,6990,3190,1535,2270,4235,2360,1875,4195,7062,21497.7
5350067.00,CT,0067.00,0.6514,1692,843,781,1690,575,550,565,770,215,555,780,1692,2597.5
5350068.00,CT,0068.00,0.4175,2451,1321,1226,2335,720,615,995,1200,485,710,1230,2451,5870.7
5350069.00,CT,0069.00,0.8625,4847,1983,1829,4665,1415,1485,1760,1865,445,1415,1830,4847,5619.7
5350070.00,CT,0070.00,0.4435,3302,1781,1668,3220,870,915,1440,1635,800,835,1665,3302,7445.3
5350071.00,CT,0071.00,0.464,3342,1489,1406,3405,835,1065,1505,1410,380,1030,1410,3342,7202.6
5350072.01,CT,0072.01,0.4061,4509,1973,1881,4525,1590,1290,1645,1885,615,1270,1885,4509,11103.2
5350072.02,CT,0072.02,0.5419,2985,1299,1222,2950,930,830,1195,1215,355,865,1225,2985,5508.4
5350073.00,CT,0073.00,0.3507,2478,1068,993,2675,935,700,1040,1040,255,780,995,2478,7065.9
5350074.00,CT,0074.00,0.3912,3723,1683,1557,3875,1335,1100,1430,1605,480,1120,1555,3723,9516.9
5350075.00,CT,0075.00,0.5072,4014,1817,1737,3850,1215,1140,1490,1695,620,1070,1735,4014,7914
5350076.00,CT,0076.00,0.4682,4237,1870,1792,4035,1290,1210,1535,1775,565,1210,1790,4237,9049.6
5350077.00,CT,0077.00,0.5997,4493,1923,1814,4625,1205,1270,2145,1825,495,1330,1810,4493,7492.1
5350078.00,CT,0078.00,0.7622,6282,3121,2931,6045,1425,1715,2905,2885,1165,1715,2935,6282,8241.9
5350079.00,CT,0079.00,1.0045,7424,2997,2874,7335,1640,2070,3625,2925,785,2135,2875,7424,7390.7
5350080.01,CT,0080.01,0.4847,3707,1717,1586,3865,1255,965,1645,1635,485,1150,1590,3707,7648
5350080.02,CT,0080.02,0.4044,4642,2349,2110,4595,2370,1040,1185,2065,785,1280,2110,4642,11478.7
5350081.00,CT,0081.00,0.368,2848,1154,1090,2840,735,920,1175,1060,210,845,1090,2848,7739.1
5350082.00,CT,0082.00,0.3084,2647,1083,1021,2620,785,715,1115,1065,305,760,1025,2647,8583
5350083.00,CT,0083.00,0.4464,3869,1921,1798,3850,1415,1055,1385,1785,715,1070,1795,3869,8667.1
5350084.00,CT,0084.00,0.409,3552,1558,1464,3695,1150,1150,1395,1500,425,1075,1465,3552,8684.6
5350085.00,CT,0085.00,0.4947,4160,2347,2182,3985,1210,875,1900,2145,1100,1050,2180,4160,8409.1
5350086.00,CT,0086.00,1.139,2528,957,900,2485,685,710,1100,875,125,745,900,2528,2219.5
5350087.00,CT,0087.00,1.6034,4814,2608,2374,4880,1425,1110,2340,2430,1035,1395,2375,4814,3002.4
5350088.00,CT,0088.00,0.2297,3127,2129,1865,3075,1675,630,765,1835,910,920,1865,3127,13613.4
5350089.00,CT,0089.00,0.3297,5349,4313,3222,4830,2435,1200,1195,3095,1760,1335,3220,5349,16223.8
5350090.00,CT,0090.00,0.3929,4020,2516,2244,4060,1590,995,1475,2370,1300,1065,2245,4020,10231.6
5350091.01,CT,0091.01,0.5114,5739,3901,3244,5445,2320,1305,1815,3260,1770,1485,3240,5739,11222.1
5350091.02,CT,0091.02,0.323,3421,2260,1919,3175,1190,850,1135,1910,1005,905,1920,3421,10591.3
5350092.00,CT,0092.00,0.6258,6818,4125,3478,6760,2095,2065,2600,3485,1545,1940,3475,6818,10894.9
5350093.00,CT,0093.00,0.6155,5358,2481,2221,5030,1600,1530,1895,2210,690,1520,2220,5358,8705.1
5350094.00,CT,0094.00,0.6373,4699,2141,1960,4855,1990,1420,1435,2000,510,1490,1960,4699,7373.3
5350095.00,CT,0095.00,0.3148,2913,1401,1272,2740,1090,865,790,1235,435,800,1270,2913,9253.5
5350096.01,CT,0096.01,0.1989,1610,716,647,1560,745,395,420,665,225,445,650,1610,8094.5
5350096.02,CT,0096.02,0.3492,3156,1557,1381,3225,1285,980,960,1405,410,1000,1385,3156,9037.8
5350097.01,CT,0097.01,0.3799,3929,1710,1516,3805,1875,1120,805,1525,445,1080,1515,3929,10342.2
5350097.03,CT,0097.03,0.1677,2078,1370,1211,2170,1165,550,455,1210,655,555,1210,2078,12391.2
5350097.04,CT,0097.04,0.323,5031,2481,2283,4880,2330,1415,1135,2260,875,1390,2280,5031,15575.9
5350098.00,CT,0098.00,0.7166,6976,3231,2999,6970,2680,2030,2265,3000,975,2020,2995,6976,9734.9
5350099.00,CT,0099.00,0.5812,6282,3371,3091,6275,2335,1685,2250,3080,1285,1795,3095,6282,10808.7
5350100.00,CT,0100.00,0.2858,2961,1552,1439,2725,995,815,915,1415,600,815,1440,2961,10360.4
5350101.00,CT,0101.00,0.4269,3246,1653,1505,3370,805,1050,1520,1560,560,1000,1505,3246,7603.7
5350102.02,CT,0102.02,0.1157,4561,3199,2690,4430,2165,1045,1220,2650,1445,1205,2690,4561,39420.9
5350102.03,CT,0102.03,0.1309,3576,2173,2038,3630,1875,925,840,2065,1025,1045,2040,3576,27318.6
5350102.04,CT,0102.04,0.1013,706,311,290,670,140,165,360,290,95,195,290,706,6969.4
5350102.05,CT,0102.05,0.119,842,358,343,750,225,195,325,325,95,235,340,842,7075.6
5350103.00,CT,0103.00,0.8379,6195,2777,2646,6100,1555,1965,2585,2690,855,1830,2645,6195,7393.5
5350104.00,CT,0104.00,0.7373,5476,2135,2053,5690,1385,1870,2435,2085,470,1615,2050,5476,7427.1
5350105.00,CT,0105.00,0.5507,4318,1921,1780,4235,1110,1390,1735,1765,555,1215,1780,4318,7840.9
5350106.00,CT,0106.00,1.3787,3680,1427,1311,3690,1885,1125,685,1290,265,1030,1315,3680,2669.2
5350107.00,CT,0107.00,0.7226,4851,1867,1734,4850,2345,1520,985,1735,325,1415,1735,4851,6713.3
5350108.00,CT,0108.00,0.7441,5829,2678,2460,5830,2675,1920,1235,2460,900,1555,2460,5829,7833.6
5350109.00,CT,0109.00,0.6301,5470,2382,2225,5355,2040,1705,1610,2190,480,1705,2225,5470,8681.2
5350110.00,CT,0110.00,0.5441,3491,1544,1412,3490,1500,1095,890,1410,360,1055,1415,3491,6416.1
5350111.00,CT,0111.00,0.4532,2442,950,903,2485,1210,805,470,900,130,770,905,2442,5388.3
5350112.00,CT,0112.00,0.5017,4761,1995,1843,4695,2205,1515,975,1845,470,1375,1840,4761,9489.7
5350113.00,CT,0113.00,0.3823,2521,1189,1041,2525,830,765,930,1055,295,760,1040,2521,6594.3
5350114.00,CT,0114.00,0.6246,5164,2564,2331,4895,1755,1430,1715,2325,955,1375,2330,5164,8267.7
5350115.00,CT,0115.00,0.3777,4219,1737,1620,3975,1740,1185,1050,1655,460,1190,1620,4219,11170.2
5350116.00,CT,0116.00,0.6801,4445,1982,1834,3925,1320,1135,1465,1790,630,1165,1835,4445,6535.8
5350117.00,CT,0117.00,0.3983,2518,1416,1270,2510,730,750,1035,1275,565,715,1270,2518,6321.9
5350118.00,CT,0118.00,0.6969,3995,2187,2018,4105,1290,1305,1510,2050,820,1225,2020,3995,5732.5
5350119.00,CT,0119.00,0.8489,4856,2782,2458,4735,1830,1375,1535,2490,1135,1355,2460,4856,5720.3
5350120.00,CT,0120.00,0.2586,1418,679,629,1390,375,400,615,615,205,415,630,1418,5483.4
5350121.00,CT,0121.00,0.2974,3183,2088,1759,3000,1000,700,1300,1710,835,870,1760,3183,10702.8
5350122.00,CT,0122.00,0.5338,6199,3791,3439,6250,2005,1470,2775,3485,1680,1800,3440,6199,11613
5350123.00,CT,0123.00,0.075,2377,1484,1399,2265,1030,530,705,1400,785,615,1395,2377,31693.3
5350124.00,CT,0124.00,0.5514,5529,3605,3200,5255,2060,1145,2050,3195,1750,1440,3200,5529,10027.2
5350125.00,CT,0125.00,1.1201,4270,1610,1540,4390,1010,1110,2265,1545,245,1300,1540,4270,3812.2
5350126.00,CT,0126.00,1.4493,4164,1736,1672,4320,1155,1390,1775,1705,475,1230,1670,4164,2873.1
5350127.00,CT,0127.00,0.7405,5293,2246,2127,5135,1485,1560,2095,2095,595,1495,2130,5293,7147.9
5350128.02,CT,0128.02,0.5187,12611,8109,6896,12140,6470,2780,2890,6890,3295,3595,6895,12611,24312.7
5350128.04,CT,0128.04,0.162,4772,3145,2936,4835,2220,1195,1415,2995,1695,1295,2935,4772,29456.8
5350128.05,CT,0128.05,0.1816,1127,519,484,1030,330,250,450,490,170,320,485,1127,6205.9
5350128.06,CT,0128.06,0.0858,4870,3114,2867,4730,2990,915,825,2815,1520,1295,2870,4870,56759.9
5350129.00,CT,0129.00,0.9274,5642,2780,2565,5695,1820,1440,2435,2525,865,1655,2565,5642,6083.7
5350130.00,CT,0130.00,1.279,3355,1349,1253,3450,1190,980,1285,1240,265,980,1255,3355,2623.1
5350131.00,CT,0131.00,1.0444,5258,2503,2330,5065,1550,1515,2000,2270,780,1490,2330,5258,5034.5
5350132.00,CT,0132.00,0.9246,5350,2127,2010,5140,2050,1275,1815,2000,525,1470,2010,5350,5786.3
5350133.00,CT,0133.00,0.6675,7082,3441,3237,7155,3675,1695,1785,3250,1270,1975,3235,7082,10609.7
5350134.00,CT,0134.00,0.417,2911,1070,1020,2870,765,830,1275,1040,155,880,1020,2911,6980.8
5350135.00,CT,0135.00,0.7162,6782,3909,3431,6710,2775,1850,2090,3470,1605,1865,3435,6782,9469.4
5350136.01,CT,0136.01,0.192,7267,4719,4263,7765,4400,1630,1730,4535,2400,2135,4265,7267,37849
5350136.02,CT,0136.02,0.2101,8740,6747,5167,8120,5015,1650,1460,4895,2540,2360,5170,8740,41599.2
5350137.00,CT,0137.00,0.9142,6916,3639,3373,6910,2750,1885,2280,3370,1410,1960,3370,6916,7565.1
5350138.00,CT,0138.00,0.9655,3010,1218,1134,2975,820,820,1335,1140,285,850,1135,3010,3117.6
5350139.01,CT,0139.01,0.7736,4316,2091,1965,4355,1505,1115,1730,1960,735,1220,1965,4316,5579.1
5350139.02,CT,0139.02,0.5095,2440,945,887,2495,605,670,1215,865,190,680,885,2440,4789
5350140.00,CT,0140.00,0.572,2341,835,781,2270,575,605,1095,785,120,665,780,2341,4092.7
5350141.01,CT,0141.01,0.5504,4493,1734,1663,4660,1430,1310,1925,1705,400,1305,1665,4493,8163.2
5350141.02,CT,0141.02,0.6876,4653,1687,1621,4540,1125,1360,2060,1570,255,1315,1620,4653,6767
5350142.00,CT,0142.00,1.0439,5589,2316,2176,5475,1665,1615,2195,2185,615,1575,2175,5589,5354
5350150.00,CT,0150.00,1.071,4210,1659,1589,4165,1055,1305,1805,1580,350,1230,1590,4210,3930.9
5350151.00,CT,0151.00,0.6388,3756,1580,1518,3795,1615,1325,860,1530,460,1065,1515,3756,5879.8
5350152.00,CT,0152.00,0.8517,4653,1847,1784,4435,1095,1330,2000,1750,365,1385,1785,4653,5463.2
5350153.00,CT,0153.00,0.9311,4460,1761,1675,4525,2130,1450,940,1665,370,1295,1675,4460,4790
5350154.00,CT,0154.00,2.0905,6192,2905,2769,6130,2970,1905,1250,2780,1005,1775,2765,6192,2962
5350155.00,CT,0155.00,0.8071,3080,1317,1240,2955,1575,1005,375,1180,375,805,1240,3080,3816.1
5350156.01,CT,0156.01,0.6031,5700,2373,2288,5830,3680,1690,455,2335,820,1515,2285,5700,9451.2
5350156.02,CT,0156.02,0.5874,2810,1120,1063,2805,1425,840,535,1070,300,770,1060,2810,4783.8
5350157.00,CT,0157.00,0.4606,2716,1117,1036,2675,1495,850,335,1005,220,785,1035,2716,5896.7
5350158.00,CT,0158.00,0.6353,3036,1421,1322,3085,1900,890,295,1350,535,820,1320,3036,4778.8
5350159.01,CT,0159.01,0.4925,3506,1403,1272,3380,2020,1035,325,1210,260,950,1275,3506,7118.8
5350159.02,CT,0159.02,0.5785,4865,1899,1787,4925,2765,1490,670,1815,415,1405,1785,4865,8409.7
5350160.00,CT,0160.00,0.7312,3152,1235,1154,3190,1835,1050,315,1135,200,935,1155,3152,4310.7
5350161.00,CT,0161.00,0.8113,6885,2723,2556,6820,3810,2070,945,2575,590,1990,2555,6885,8486.4
5350162.00,CT,0162.00,0.5757,4846,2081,1908,4810,2510,1430,870,1915,520,1395,1910,4846,8417.6
5350163.00,CT,0163.00,0.4542,4308,1909,1743,4245,1835,1300,1110,1740,495,1240,1740,4308,9484.8
5350164.00,CT,0164.00,0.6282,6002,2616,2423,6040,2690,1755,1590,2430,595,1840,2425,6002,9554.3
5350165.00,CT,0165.00,0.4849,4209,1999,1830,4305,1540,1200,1565,1850,585,1260,1830,4209,8680.1
5350166.00,CT,0166.00,0.786,4024,1733,1624,4085,1135,1110,1840,1645,515,1130,1625,4024,5119.6
5350167.01,CT,0167.01,0.1341,2446,1740,1540,2345,865,695,795,1565,960,605,1540,2446,18240.1
5350167.02,CT,0167.02,0.6014,5745,3257,2878,5455,2485,1385,1585,2845,1335,1510,2880,5745,9552.7
5350168.00,CT,0168.00,0.5655,5674,2836,2565,5620,3165,1405,1055,2555,1055,1505,2565,5674,10033.6
5350169.01,CT,0169.01,0.3781,3587,1571,1422,3535,2180,880,470,1390,360,1025,1425,3587,9486.9
5350169.02,CT,0169.02,0.4378,7596,3426,3252,7675,4840,1835,1000,3300,1070,2230,3250,7596,17350.4
5350170.00,CT,0170.00,1.0124,3407,1348,1266,3375,2040,925,405,1255,275,975,1265,3407,3365.3
5350171.00,CT,0171.00,0.61,3914,1572,1486,3650,2210,1160,280,1475,410,1065,1485,3914,6416.4
5350172.00,CT,0172.00,1.207,2505,1179,1087,2605,1455,770,385,1095,400,700,1090,2505,2075.4
5350173.00,CT,0173.00,0.5942,3586,1540,1400,3575,2035,1110,430,1385,405,980,1400,3586,6035
5350174.00,CT,0174.00,1.0531,7062,2755,2621,6795,4250,1995,550,2660,780,1885,2620,7062,6705.9
5350175.01,CT,0175.01,0.7906,5963,2565,2348,5630,3075,1805,750,2370,820,1545,2345,5963,7542.4
5350175.02,CT,0175.02,0.7229,8672,4253,3920,8660,5225,2270,1165,3920,1605,2315,3920,8672,11996.1
5350176.00,CT,0176.00,1.0009,4261,1762,1651,4385,1675,1400,1310,1630,395,1240,1650,4261,4257.2
5350180.00,CT,0180.00,0.6138,6462,3016,2753,6440,3170,1570,1700,2750,905,1845,2750,6462,10527.9
5350181.01,CT,0181.01,0.5706,4382,1928,1824,4445,1360,1415,1665,1825,480,1340,1825,4382,7679.6
5350181.02,CT,0181.02,0.6018,3546,1645,1554,3475,1310,965,1190,1555,540,1015,1555,3546,5892.3
5350182.00,CT,0182.00,0.7605,5407,2279,2141,5390,1660,1630,2100,2145,550,1600,2140,5407,7109.8
5350183.01,CT,0183.01,0.5241,2623,1046,1003,2590,805,890,900,975,265,705,1005,2623,5004.8
5350183.02,CT,0183.02,0.4281,4035,1621,1574,4050,1310,1295,1450,1565,355,1215,1570,4035,9425.4
5350184.01,CT,0184.01,0.4741,5008,2357,2228,5035,2230,1405,1400,2255,790,1465,2225,5008,10563.2
5350184.02,CT,0184.02,0.5571,3671,1706,1608,3635,1560,1050,1030,1630,540,1090,1605,3671,6589.5
5350185.01,CT,0185.01,0.4992,6836,3480,3279,6785,3255,1675,1850,3260,1275,1980,3280,6836,13693.9
5350185.02,CT,0185.02,1.1945,4244,2114,1998,4175,1910,1185,1080,2020,830,1185,2000,4244,3553
5350186.00,CT,0186.00,1.8682,2382,950,915,2375,550,645,1175,915,255,660,915,2382,1275
5350187.00,CT,0187.00,1.1945,3473,1417,1335,3475,1040,1230,1200,1325,300,1030,1335,3473,2907.5
5350188.00,CT,0188.00,0.552,2031,831,786,2045,595,665,785,775,230,540,785,2031,3679.3
5350189.00,CT,0189.00,1.2261,5655,2340,2265,5315,2330,1310,1675,2310,780,1530,2265,5655,4612.2
5350190.01,CT,0190.01,0.3985,8588,3468,3257,8585,6210,1620,750,3260,910,2345,3255,8588,21550.8
5350190.02,CT,0190.02,0.5813,4612,2095,1968,4610,2045,1050,1515,1980,675,1305,1965,4612,7933.9
5350191.00,CT,0191.00,0.823,4372,1891,1774,4345,1675,1160,1510,1740,490,1250,1775,4372,5312.3
5350192.00,CT,0192.00,0.9181,843,467,414,865,455,265,140,435,235,195,415,843,918.2
5350193.00,CT,0193.00,1.3846,3264,1080,1037,3270,1510,1050,705,990,145,850,1035,3264,2357.4
5350194.01,CT,0194.01,0.2711,7821,2168,2040,7775,5580,2095,100,2035,240,1800,2040,7821,28849.1
5350194.02,CT,0194.02,0.3063,4717,1616,1493,4525,3230,975,325,1495,410,1085,1490,4717,15399.9
5350194.03,CT,0194.03,0.2502,2700,1191,1148,2750,2035,480,230,1170,450,720,1145,2700,10791.4
5350194.04,CT,0194.04,2.2646,5399,2516,2383,5350,3310,1410,625,2360,900,1455,2385,5399,2384.1
5350195.01,CT,0195.01,0.9373,4425,1747,1576,4275,1150,1360,1770,1570,375,1195,1575,4425,4721
5350195.02,CT,0195.02,0.3781,2384,977,940,2230,630,670,935,930,300,630,940,2384,6305.2
5350196.01,CT,0196.01,0.3774,1942,815,772,1965,515,490,965,775,210,560,775,1942,5145.7
5350196.02,CT,0196.02,1.1055,5577,2369,2232,5685,1215,1520,2950,2240,605,1635,2230,5577,5044.8
5350200.01,CT,0200.01,0.5578,5594,3140,3002,5740,3185,1315,1240,3045,1460,1585,3005,5594,10028.7
5350200.02,CT,0200.02,0.1472,1049,671,639,1050,450,275,330,655,400,260,635,1049,7126.4
5350201.00,CT,0201.00,0.7606,5528,2932,2734,5295,2400,1375,1520,2720,1165,1550,2735,5528,7267.9
5350202.00,CT,0202.00,0.3359,1640,668,644,1670,520,570,585,665,150,515,645,1640,4882.4
5350203.00,CT,0203.00,0.5966,3425,1609,1518,3480,1295,965,1215,1500,485,1010,1515,3425,5740.9
5350204.00,CT,0204.00,0.7465,4596,2310,2173,4620,1420,1210,1990,2185,925,1255,2175,4596,6156.7
5350205.00,CT,0205.00,0.7448,144,1,0,,,,,,,,,144,193.3
5350206.01,CT,0206.01,1.1402,5106,2626,2483,5090,1970,1510,1615,2470,955,1520,2480,5106,4478.2
5350206.02,CT,0206.02,1.0895,6294,3059,2810,6270,2445,1625,2205,2820,965,1855,2810,6294,5777
5350207.00,CT,0207.00,0.675,2597,1295,1142,2445,1125,615,710,1085,335,750,1145,2597,3847.4
5350208.00,CT,0208.00,1.2974,4165,2083,1960,4275,2175,1020,1080,2005,800,1205,1960,4165,3210.3
5350209.00,CT,0209.00,0.681,2862,1451,1351,2820,1370,680,770,1335,580,755,1350,2862,4202.6
5350210.01,CT,0210.01,2.9534,3703,1044,987,2735,1135,895,700,1000,185,820,990,3703,1253.8
5350210.03,CT,0210.03,0.4539,6959,4432,4159,6915,3380,2000,1535,4225,2165,2060,4160,6959,15331.6
5350210.04,CT,0210.04,0.4751,10080,6673,6166,9945,5425,2535,1985,6060,2990,3065,6165,10080,21216.6
5350211.00,CT,0211.00,3.2763,6884,2752,2631,6880,2770,2120,1995,2630,675,1955,2635,6884,2101.2
5350212.00,CT,0212.00,1.6941,5712,2282,2157,5710,1800,1675,2235,2160,470,1690,2155,5712,3371.7
5350213.01,CT,0213.01,0.9423,2658,1026,985,2570,1035,840,695,975,250,725,985,2658,2820.8
5350213.02,CT,0213.02,7.001,6301,3516,3312,6205,3480,1640,1080,3345,1455,1885,3315,6301,900
5350214.00,CT,0214.00,2.8231,6728,3333,3186,6755,2950,2120,1680,3155,1145,2010,3185,6728,2383.2
5350215.00,CT,0215.00,2.5734,7151,3019,2887,6965,2860,2140,1965,2880,805,2075,2890,7151,2778.8
5350216.00,CT,0216.00,1.9782,5489,2224,2136,5495,1570,1805,2125,2125,485,1640,2135,5489,2774.7
5350217.00,CT,0217.00,1.223,5900,3017,2832,5880,3270,1380,1225,2840,1165,1675,2830,5900,4824.2
5350218.00,CT,0218.00,0.6764,2674,1055,1016,2750,595,875,1280,1050,240,815,1015,2674,3953.3
5350219.00,CT,0219.00,1.3542,4531,1696,1644,4560,1560,1485,1510,1615,320,1290,1645,4531,3345.9
5350220.00,CT,0220.00,1.2991,4196,1597,1546,4085,1800,1105,1185,1580,350,1230,1550,4196,3229.9
5350221.01,CT,0221.01,1.6291,6363,2754,2674,6285,2290,1860,2130,2645,760,1880,2675,6363,3905.8
5350221.02,CT,0221.02,0.805,5269,2169,2061,5105,2910,1350,845,2065,615,1450,2060,5269,6545.3
5350222.01,CT,0222.01,1.2848,7105,2907,2795,7185,3375,2270,1535,2805,740,2070,2795,7105,5530
5350222.02,CT,0222.02,1.2002,4985,1851,1744,4815,2440,1520,850,1735,350,1390,1740,4985,4153.5
5350223.01,CT,0223.01,0.8578,1522,545,525,1510,585,530,400,535,95,440,525,1522,1774.3
5350223.02,CT,0223.02,0.8725,2180,793,763,2165,625,735,805,760,140,620,765,2180,2498.6
5350224.00,CT,0224.00,1.0381,1650,581,569,1705,500,605,600,575,75,500,565,1650,1589.4
5350225.01,CT,0225.01,0.9188,5209,2597,2472,5215,2485,1370,1365,2480,855,1620,2470,5209,5669.4
5350225.02,CT,0225.02,0.3045,10827,5846,5429,10640,6605,2465,1565,5430,2315,3115,5430,10827,35556.7
5350226.00,CT,0226.00,0.949,2813,1025,1004,2750,665,860,1230,985,185,805,1005,2813,2964.2
5350227.00,CT,0227.00,0.4918,1752,678,651,1770,400,555,810,660,115,545,650,1752,3562.4
5350228.00,CT,0228.00,0.8207,3144,1522,1430,3155,970,940,1245,1425,500,930,1430,3144,3830.9
5350229.00,CT,0229.00,0.3203,1226,396,388,1185,170,345,670,400,65,335,390,1226,3827.7
5350230.01,CT,0230.01,1.4481,2649,1297,1141,2455,880,805,775,1115,390,720,1140,2649,1829.3
5350230.02,CT,0230.02,0.9858,6558,2784,2675,6465,3520,1910,1030,2705,810,1895,2675,6558,6652.5
5350231.00,CT,0231.00,3.0227,6273,2559,2469,6275,1910,2010,2350,2470,665,1810,2465,6273,2075.3
5350232.00,CT,0232.00,2.0474,3820,1341,1318,3695,935,1200,1560,1285,170,1120,1320,3820,1865.8
5350233.00,CT,0233.00,2.0783,5707,2079,2014,5770,2240,1815,1720,2045,335,1710,2015,5707,2746
5350234.00,CT,0234.00,2.1001,4531,1642,1593,4540,1880,1580,1080,1585,280,1305,1595,4531,2157.5
5350235.01,CT,0235.01,1.4071,2902,1042,1019,2775,1075,865,840,985,200,780,1015,2902,2062.4
5350235.02,CT,0235.02,1.078,5166,2041,1991,5140,2540,1430,1170,2000,465,1535,1995,5166,4792.2
5350236.01,CT,0236.01,0.9868,6949,2750,2667,6760,3680,1975,1105,2665,690,1970,2670,6949,7042
5350236.02,CT,0236.02,3.9589,5902,2282,2241,5990,2845,1700,1450,2275,480,1795,2240,5902,1490.8
5350237.01,CT,0237.01,1.1853,6641,2463,2381,6640,4290,1830,520,2380,575,1810,2385,6641,5602.8
5350237.02,CT,0237.02,0.955,3003,1064,1042,3035,1430,1055,550,1050,150,900,1040,3003,3144.5
5350237.03,CT,0237.03,1.0683,5935,2725,2629,5895,2805,1735,1350,2625,945,1680,2630,5935,5555.6
5350238.01,CT,0238.01,1.0368,3500,1327,1302,3410,1135,1270,1010,1285,250,1035,1305,3500,3375.8
5350238.02,CT,0238.02,0.9766,5306,2073,1960,5600,2810,1760,1030,2030,430,1600,1960,5306,5433.1
5350239.00,CT,0239.00,2.5251,6715,2511,2401,6415,3170,2155,1090,2330,465,1865,2400,6715,2659.3
5350240.01,CT,0240.01,1.2712,3377,1282,1242,3465,1445,1190,825,1255,220,1035,1240,3377,2656.5
5350240.02,CT,0240.02,1.0371,6089,2614,2544,5785,3090,1750,945,2595,895,1700,2545,6089,5871.2
5350241.00,CT,0241.00,1.0863,2772,1035,991,2725,1155,970,600,975,170,805,990,2772,2551.8
5350242.00,CT,0242.00,0.6108,1566,608,577,1500,725,545,230,540,120,420,580,1566,2563.9
5350243.01,CT,0243.01,0.3152,6212,2233,2112,6295,4010,1980,300,2110,545,1560,2115,6212,19708.1
5350243.02,CT,0243.02,1.2154,3793,1346,1312,3695,2065,1110,525,1315,300,1020,1310,3793,3120.8
5350244.01,CT,0244.01,1.4233,3663,1308,1262,3645,1690,1150,805,1275,280,990,1260,3663,2573.6
5350244.02,CT,0244.02,1.4473,5703,1989,1931,5710,3245,1910,555,1925,380,1540,1930,5703,3940.4
5350245.00,CT,0245.00,1.4211,7033,2811,2682,7000,3755,2125,1130,2670,765,1900,2685,7033,4949
5350246.00,CT,0246.00,1.0727,3345,1312,1263,3375,1625,970,780,1275,375,900,1260,3345,3118.3
5350247.01,CT,0247.01,17.2448,9027,3172,3010,8935,5885,2635,415,3010,635,2375,3010,9027,523.5
5350247.02,CT,0247.02,3.2287,7213,2535,2433,7215,4105,2090,1020,2435,480,1950,2435,7213,2234
5350248.02,CT,0248.02,1.2135,5538,1840,1779,5470,3190,1875,410,1775,545,1235,1775,5538,4563.7
5350248.03,CT,0248.03,3.7328,2651,791,768,2785,2015,635,135,785,95,685,770,2651,710.2
5350248.04,CT,0248.04,1.4771,4945,1677,1576,4815,3320,1270,220,1585,325,1265,1575,4945,3347.8
5350248.05,CT,0248.05,1.1307,4285,1389,1321,3985,2685,1010,290,1290,260,1035,1320,4285,3789.7
5350249.01,CT,0249.01,0.8298,4598,1422,1349,4530,3130,1260,140,1345,170,1175,1350,4598,5541.1
5350249.03,CT,0249.03,2.9649,5569,1671,1592,5560,3655,1540,360,1590,190,1400,1590,5569,1878.3
5350249.04,CT,0249.04,0.6869,2709,863,810,2780,1910,750,120,810,105,705,810,2709,3943.8
5350249.05,CT,0249.05,0.6431,5606,1705,1619,5605,4160,1285,160,1620,160,1460,1620,5606,8717.2
5350250.01,CT,0250.01,1.3886,5047,1613,1497,4845,3130,1360,350,1485,255,1230,1495,5047,3634.6
5350250.02,CT,0250.02,1.9387,4958,1825,1747,5010,2705,1630,670,1755,405,1350,1745,4958,2557.4
5350250.04,CT,0250.04,0.485,5939,2077,1983,5875,4120,1505,250,1970,365,1605,1985,5939,12245.4
5350250.05,CT,0250.05,0.6689,7031,2283,2201,7090,5370,1550,165,2215,310,1900,2200,7031,10511.3
5350260.01,CT,0260.01,0.7135,6590,2432,2348,6270,4275,1715,285,2310,650,1660,2345,6590,9236.2
5350260.04,CT,0260.04,0.1881,3879,1499,1381,4100,2955,1025,120,1390,385,1005,1380,3879,20622
5350260.05,CT,0260.05,0.2543,4139,1387,1330,3925,2635,1130,155,1310,240,1075,1330,4139,16276.1
5350260.06,CT,0260.06,0.9202,4354,1784,1647,4335,2985,1100,245,1655,405,1250,1645,4354,4731.6
5350260.07,CT,0260.07,0.3446,3591,1530,1487,3900,2630,1000,265,1530,425,1100,1485,3591,10420.8
5350261.00,CT,0261.00,1.9129,5547,2301,2207,5280,3250,1425,605,2205,830,1380,2210,5547,2899.8
5350262.01,CT,0262.01,0.6709,5848,2756,2648,5780,3275,1395,1110,2665,985,1680,2645,5848,8716.6
5350262.02,CT,0262.02,2.146,6252,2519,2422,6310,3310,1675,1325,2405,695,1715,2425,6252,2913.3
5350263.02,CT,0263.02,1.9994,3873,1963,1864,3655,1860,990,805,1845,805,1045,1865,3873,1937.1
5350263.03,CT,0263.03,1.5561,4635,2192,2086,4755,2600,1245,910,2085,750,1340,2090,4635,2978.6
5350263.04,CT,0263.04,0.6751,6464,3614,3406,6305,3980,1290,1030,3425,1565,1860,3410,6464,9574.9
5350264.00,CT,0264.00,3.4299,1260,470,416,1205,695,335,185,425,75,345,415,1260,367.4
5350265.00,CT,0265.00,2.6642,5555,1889,1801,4775,1595,1310,1865,1815,425,1390,1800,5555,2085.1
5350266.00,CT,0266.00,2.7255,3094,1159,1085,2965,1380,785,795,1060,160,900,1085,3094,1135.2
5350267.00,CT,0267.00,2.7052,6042,2117,2036,6135,3430,1755,940,2040,315,1730,2035,6042,2233.5
5350268.00,CT,0268.00,3.0255,6458,2935,2824,6310,2935,1760,1615,2820,960,1860,2825,6458,2134.5
5350269.01,CT,0269.01,0.7469,5284,2360,2224,5195,3500,1150,550,2230,685,1545,2225,5284,7074.6
5350269.02,CT,0269.02,1.754,2562,947,908,2640,1355,750,535,900,120,780,910,2562,1460.7
5350270.01,CT,0270.01,1.1233,4763,1965,1879,4815,2380,1350,1080,1875,515,1365,1880,4763,4240.2
5350270.02,CT,0270.02,0.7566,4263,1632,1557,4210,1845,1265,1095,1560,345,1215,1555,4263,5634.4
5350271.01,CT,0271.01,0.8935,2394,906,879,2410,985,735,685,890,200,685,880,2394,2679.4
5350271.02,CT,0271.02,0.7092,4724,1767,1711,4710,2445,1280,980,1705,365,1340,1710,4724,6661
5350272.01,CT,0272.01,0.4552,5945,2414,2318,5880,3760,1380,730,2305,630,1675,2320,5945,13060.2
5350272.02,CT,0272.02,0.9988,4623,1789,1726,4620,2900,1160,560,1740,410,1325,1725,4623,4628.6
5350273.01,CT,0273.01,3.1903,3703,1316,1245,3675,1890,1185,595,1210,140,1070,1245,3703,1160.7
5350273.02,CT,0273.02,1.2888,4032,1528,1461,4020,2420,990,615,1490,280,1215,1460,4032,3128.5
5350274.01,CT,0274.01,1.5248,4712,1800,1690,4570,2575,1240,755,1645,315,1325,1690,4712,3090.2
5350274.02,CT,0274.02,1.3314,4558,2061,1946,4700,2650,1120,925,1990,635,1355,1945,4558,3423.5
5350275.00,CT,0275.00,1.9615,5567,2422,2295,5635,1750,1765,2120,2340,725,1615,2295,5567,2838.1
5350276.01,CT,0276.01,1.2261,6317,2605,2488,6050,2090,1745,2215,2440,850,1595,2490,6317,5152.1
5350276.02,CT,0276.02,1.2826,6567,2512,2355,6545,2200,1865,2485,2360,475,1885,2355,6567,5120.1
5350277.00,CT,0277.00,1.0278,3925,1323,1199,3915,1420,1235,1260,1195,220,975,1200,3925,3818.8
5350278.00,CT,0278.00,1.3337,7734,2972,2787,7515,3410,2360,1750,2700,835,1865,2785,7734,5798.9
5350279.01,CT,0279.01,1.2144,4135,1668,1565,4425,2485,1330,610,1625,365,1260,1565,4135,3405
5350279.02,CT,0279.02,1.5756,6140,2375,2260,5760,3500,1705,555,2260,665,1595,2260,6140,3896.9
5350280.00,CT,0280.00,2.1365,7217,3002,2875,7180,4185,2215,775,2875,815,2055,2875,7217,3378
5350281.01,CT,0281.01,0.9657,6403,2333,2227,6360,3655,2160,550,2220,475,1740,2225,6403,6630.4
5350281.02,CT,0281.02,0.4129,3921,1339,1295,3960,2220,1400,330,1310,215,1090,1295,3921,9496.2
5350282.00,CT,0282.00,2.2191,4588,1676,1587,4485,1965,1740,775,1585,305,1275,1585,4588,2067.5
5350283.01,CT,0283.01,0.919,5153,1927,1846,5230,3005,1780,445,1875,485,1395,1845,5153,5607.2
5350283.02,CT,0283.02,1.1649,4390,1768,1676,4160,2105,1565,490,1640,385,1255,1675,4390,3768.6
5350284.00,CT,0284.00,1.4127,6762,2566,2407,6585,3705,2170,710,2430,575,1855,2405,6762,4786.6
5350285.00,CT,0285.00,1.1139,3278,1257,1196,3260,1760,1050,455,1175,265,910,1195,3278,2942.8
5350286.00,CT,0286.00,3.2442,6768,3230,3012,6440,3540,2110,795,2950,1025,1925,3010,6768,2086.2
5350287.02,CT,0287.02,1.058,6471,2392,2246,6340,3750,1945,640,2265,595,1665,2245,6471,6116.3
5350287.03,CT,0287.03,0.4842,2699,1236,1148,2705,1515,870,320,1135,460,675,1145,2699,5574.1
5350287.04,CT,0287.04,0.5939,4551,2059,1981,4730,2260,1450,1025,2065,925,1145,1985,4551,7662.9
5350288.00,CT,0288.00,2.6307,11027,4955,4610,10985,5635,3130,2220,4610,1510,3100,4610,11027,4191.7
5350289.00,CT,0289.00,1.3017,4885,1921,1827,4865,2640,1535,695,1825,410,1415,1825,4885,3752.8
5350290.01,CT,0290.01,0.944,3748,1530,1446,3620,2340,985,295,1425,425,1000,1445,3748,3970.3
5350290.02,CT,0290.02,0.3462,1652,797,756,1665,970,465,230,770,325,450,755,1652,4771.8
5350291.02,CT,0291.02,1.1464,4881,2038,1930,5045,2925,1545,570,1935,640,1290,1930,4881,4257.7
5350291.03,CT,0291.03,0.4174,2721,1154,1103,2680,1585,735,355,1125,315,805,1105,2721,6518.9
5350291.04,CT,0291.04,0.5131,1572,685,649,1450,975,350,125,620,205,415,650,1572,3063.7
5350292.00,CT,0292.00,3.7345,8580,2936,2790,8565,5490,2410,665,2790,545,2240,2790,8580,2297.5
5350293.00,CT,0293.00,2.0084,6808,2410,2326,6800,3680,2255,865,2330,475,1860,2325,6808,3389.8
5350294.01,CT,0294.01,0.8618,4177,1580,1527,4185,2260,1410,520,1510,300,1215,1525,4177,4846.8
5350294.02,CT,0294.02,1.0199,4449,1442,1387,4385,2660,1400,320,1420,240,1180,1385,4449,4362.2
5350295.00,CT,0295.00,1.0854,5481,2030,1953,5465,3240,1660,560,1970,485,1490,1955,5481,5049.8
5350296.00,CT,0296.00,4.6465,1744,689,653,1840,1010,555,280,665,95,575,655,1744,375.3
5350297.01,CT,0297.01,1.1337,7239,3069,2925,7130,4365,1785,980,2925,910,2020,2925,7239,6385.3
5350297.02,CT,0297.02,1.5096,6646,2684,2547,6640,3245,2025,1365,2545,700,1845,2545,6646,4402.5
5350298.00,CT,0298.00,2.2618,4561,1612,1532,4535,1820,1105,1615,1550,270,1275,1535,4561,2016.5
5350299.01,CT,0299.01,2.8825,6289,2375,2237,6325,2965,1760,1600,2235,420,1815,2240,6289,2181.8
5350299.02,CT,0299.02,0.1593,5130,3025,2786,5055,3660,910,485,2770,1240,1535,2785,5130,32203.4
5350300.01,CT,0300.01,0.1208,3850,2404,2141,3935,3180,580,175,2185,1010,1175,2140,3850,31870.9
5350300.02,CT,0300.02,0.2063,7505,4136,3889,7440,5165,1525,745,3845,1495,2355,3890,7505,36379.1
5350300.03,CT,0300.03,0.7065,2448,1024,969,2420,1325,670,420,965,325,640,970,2448,3465
5350301.01,CT,0301.01,0.8978,2863,1085,1053,2830,1635,705,485,1055,230,825,1055,2863,3188.9
5350301.03,CT,0301.03,0.2736,8324,3779,3496,8415,6875,1245,300,3500,1015,2485,3495,8324,30424
5350301.04,CT,0301.04,1.4262,8766,4256,3962,8590,6685,1500,400,3960,1395,2560,3960,8766,6146.4
5350302.01,CT,0302.01,1.2292,6114,2409,2344,6110,3810,1495,805,2340,570,1775,2345,6114,4974
5350302.02,CT,0302.02,1.0839,5867,2068,1993,5660,3985,1250,425,1965,375,1595,1995,5867,5412.9
5350302.03,CT,0302.03,0.6939,3267,1187,1105,3455,2530,765,150,1135,150,980,1105,3267,4708.2
5350303.00,CT,0303.00,1.0633,6080,2470,2288,6065,4550,1160,360,2250,515,1730,2290,6080,5718
5350304.01,CT,0304.01,0.2493,4404,1619,1573,4330,3045,960,325,1550,290,1255,1575,4404,17665.5
5350304.02,CT,0304.02,1.2122,4595,1884,1815,4510,2855,1130,525,1830,435,1390,1815,4595,3790.6
5350304.03,CT,0304.03,0.9843,2484,868,850,2450,1695,595,160,835,115,715,850,2484,2523.6
5350304.04,CT,0304.04,0.2344,3482,1412,1323,3470,2550,685,245,1335,345,990,1320,3482,14854.9
5350304.05,CT,0304.05,0.703,2686,1111,1069,2680,1945,560,180,1105,340,770,1065,2686,3820.8
5350304.06,CT,0304.06,0.7489,5725,2232,2168,5715,4165,1175,375,2170,490,1680,2165,5725,7644.5
5350305.01,CT,0305.01,2.4076,4421,1674,1599,4490,2670,1200,620,1585,220,1360,1600,4421,1836.3
5350305.03,CT,0305.03,0.7113,4766,2300,2126,4715,3155,1020,535,2160,745,1415,2130,4766,6700.4
5350305.05,CT,0305.05,0.3747,6580,3689,3431,6555,4660,1300,595,3550,1615,1935,3430,6580,17560.7
5350305.06,CT,0305.06,0.6291,4366,2775,2452,4120,3170,720,230,2330,1005,1325,2450,4366,6940.1
5350306.01,CT,0306.01,1.1721,4612,1601,1508,4580,3040,1115,425,1515,225,1290,1505,4612,3934.8
5350306.02,CT,0306.02,1.1185,4686,1846,1722,4705,3215,1110,375,1715,400,1315,1720,4686,4189.5
5350307.03,CT,0307.03,0.1101,4957,2546,2336,5015,4115,630,275,2375,795,1580,2340,4957,45022.7
5350307.04,CT,0307.04,0.153,6919,3889,3386,6855,5150,1255,445,3350,1245,2105,3385,6919,45222.2
5350307.05,CT,0307.05,0.1046,3365,2032,1870,3230,2615,480,135,1845,845,1000,1870,3365,32170.2
5350307.06,CT,0307.06,0.1042,5057,2412,2250,5060,3930,990,140,2270,715,1560,2250,5057,48531.7
5350307.07,CT,0307.07,1.2246,6216,2569,2381,6200,4235,1320,645,2380,560,1815,2385,6216,5075.9
5350308.02,CT,0308.02,1.4247,4327,1680,1573,4495,2420,1230,850,1590,325,1260,1575,4327,3037.1
5350308.03,CT,0308.03,0.3967,1115,411,383,1095,610,280,205,380,50,325,385,1115,2810.7
5350308.05,CT,0308.05,0.7395,2386,894,856,2515,1450,670,400,855,120,735,855,2386,3226.5
5350308.06,CT,0308.06,0.1911,5585,3016,2848,5260,4080,865,310,2830,1200,1630,2845,5585,29225.5
5350308.07,CT,0308.07,0.1545,3797,2360,2170,3795,2985,515,295,2190,1085,1105,2170,3797,24576.1
5350309.00,CT,0309.00,0.7366,6361,2442,2294,6045,4500,1140,400,2285,570,1715,2295,6361,8635.6
5350310.01,CT,0310.01,1.4131,3609,1275,1215,3345,1470,975,900,1200,195,1000,1215,3609,2554
5350310.02,CT,0310.02,2.1037,5328,2017,1921,5480,3165,1460,855,1935,450,1490,1920,5328,2532.7
5350311.02,CT,0311.02,0.8905,6010,2312,2217,6185,4070,1635,480,2220,615,1605,2220,6010,6749
5350311.03,CT,0311.03,0.8,2672,904,874,2490,1400,870,220,870,165,710,875,2672,3340
5350311.04,CT,0311.04,0.9599,6517,2226,2158,6515,4255,1765,495,2160,380,1775,2160,6517,6789.2
5350311.05,CT,0311.05,0.3457,6698,2666,2443,6905,4905,1585,410,2480,565,1915,2440,6698,19375.2
5350311.06,CT,0311.06,10.2352,6660,2996,2655,6165,4405,1240,515,2620,990,1630,2655,6660,650.7
5350312.02,CT,0312.02,0.5212,3505,1180,1127,3485,2320,1030,140,1130,200,930,1130,3505,6724.9
5350312.03,CT,0312.03,1.4873,6374,2210,2114,6390,3920,2020,445,2135,460,1675,2115,6374,4285.6
5350312.04,CT,0312.04,0.7255,5234,1705,1618,5055,3230,1590,230,1595,240,1355,1620,5234,7214.3
5350312.05,CT,0312.05,0.3459,3685,1306,1270,3695,2315,1280,110,1275,255,1015,1270,3685,10653.4
5350312.06,CT,0312.06,0.4584,3415,1103,1053,3575,2190,1230,160,1045,145,900,1055,3415,7449.8
5350312.07,CT,0312.07,0.6223,3535,1486,1430,3435,2255,1005,170,1405,570,835,1430,3535,5680.5
5350313.00,CT,0313.00,2.87,5554,1894,1825,5555,3180,1755,620,1825,355,1470,1825,5554,1935.2
5350314.01,CT,0314.01,0.4281,6275,2356,2267,6355,4360,1735,260,2260,520,1745,2265,6275,14657.8
5350314.02,CT,0314.02,1.0903,5130,1666,1585,5045,3440,1390,220,1590,245,1340,1585,5130,4705.1
5350315.01,CT,0315.01,1.5036,3267,1207,1109,3165,1665,1045,450,1100,220,880,1110,3267,2172.8
5350315.02,CT,0315.02,0.4279,3365,1137,1060,3165,2090,955,115,1005,170,835,1060,3365,7864
5350315.03,CT,0315.03,6.0097,5562,1907,1759,5860,3645,1875,335,1825,325,1500,1760,5562,925.5
5350316.01,CT,0316.01,1.7746,3970,1277,1215,3850,2380,1225,240,1200,180,1020,1215,3970,2237.1
5350316.03,CT,0316.03,0.4007,5761,2034,1934,5690,3825,1495,370,1920,400,1520,1930,5761,14377.3
5350316.04,CT,0316.04,0.461,4105,1763,1645,4130,2600,1320,215,1675,650,1025,1645,4105,8904.6
5350316.05,CT,0316.05,0.4047,4104,1417,1351,4140,2740,1250,150,1365,215,1155,1350,4104,10140.8
5350316.06,CT,0316.06,0.4052,3367,1139,1084,3335,1965,1215,155,1065,255,810,1085,3367,8309.5
5350317.02,CT,0317.02,0.4323,7242,3415,3221,7225,5510,1235,475,3240,1240,1995,3225,7242,16752.3
5350317.03,CT,0317.03,1.1854,3531,1253,1224,3545,2405,770,370,1205,165,1045,1225,3531,2978.7
5350317.04,CT,0317.04,0.7174,6731,2615,2503,6750,4845,1475,430,2505,585,1920,2505,6731,9382.5
5350317.05,CT,0317.05,0.4948,2162,830,799,2140,1440,485,210,795,210,585,800,2162,4369.4
5350318.01,CT,0318.01,1.415,4762,1806,1704,4830,3260,1035,540,1700,325,1370,1705,4762,3365.4
5350318.02,CT,0318.02,0.4914,4137,1939,1802,4045,3225,575,245,1805,520,1290,1805,4137,8418.8
5350319.00,CT,0319.00,1.2016,4099,1595,1509,4225,3050,755,415,1505,280,1220,1510,4099,3411.3
5350320.01,CT,0320.01,0.7368,5178,2111,2020,5025,3820,970,235,2025,605,1420,2020,5178,7027.7
5350320.02,CT,0320.02,0.8528,5802,2123,2055,5680,4320,1020,340,2055,465,1590,2055,5802,6803.5
5350321.01,CT,0321.01,1.2567,3808,1359,1282,3840,2645,845,345,1255,165,1090,1280,3808,3030.2
5350321.02,CT,0321.02,1.2172,3879,1541,1442,3820,2650,820,340,1470,360,1105,1440,3879,3186.8
5350322.01,CT,0322.01,0.2081,4495,2366,2192,4575,3680,705,190,2200,765,1435,2190,4495,21600.2
5350322.02,CT,0322.02,1.4061,3814,1326,1249,3115,2335,595,180,1245,415,825,1250,3814,2712.5
5350323.01,CT,0323.01,1.0347,4274,1903,1813,4210,2780,900,525,1780,505,1270,1815,4274,4130.7
5350323.02,CT,0323.02,1.8295,4950,1936,1828,4570,2905,1140,525,1855,490,1365,1825,4950,2705.7
5350324.01,CT,0324.01,1.1843,3275,1195,1114,3305,2100,890,315,1120,150,970,1115,3275,2765.3
5350324.02,CT,0324.02,1.8907,5925,2252,2163,5950,4165,1345,445,2155,375,1780,2160,5925,3133.8
5350324.03,CT,0324.03,2.1668,3671,1754,1673,3725,2695,715,315,1705,570,1130,1670,3671,1694.2
5350324.05,CT,0324.05,0.6557,3336,1411,1375,3290,2490,635,160,1385,455,930,1375,3336,5087.7
5350324.06,CT,0324.06,0.6561,3442,1200,1171,3380,2415,765,195,1140,160,980,1170,3442,5246.2
5350330.00,CT,0330.00,2.2367,4252,1759,1708,4350,1395,1185,1765,1735,500,1235,1710,4252,1901
5350331.01,CT,0331.01,1.574,5545,2294,2223,5330,2130,1445,1765,2190,580,1615,2225,5545,3522.9
5350331.03,CT,0331.03,0.5097,6065,1931,1852,5990,4125,1445,420,1855,265,1595,1850,6065,11899.2
5350331.04,CT,0331.04,1.1055,3372,1400,1341,3305,1895,840,575,1335,460,880,1340,3372,3050.2
5350332.00,CT,0332.00,1.53,7337,2902,2761,7225,4020,1980,1225,2760,830,1925,2760,7337,4795.4
5350333.00,CT,0333.00,2.4472,4717,1711,1632,4740,1810,1330,1595,1650,305,1345,1630,4717,1927.5
5350334.00,CT,0334.00,2.448,3610,1359,1285,3570,1060,1055,1455,1270,250,1015,1285,3610,1474.7
5350335.00,CT,0335.00,2.2299,7857,3091,2960,7825,3970,1970,1885,2960,880,2080,2960,7857,3523.5
5350336.00,CT,0336.00,1.6111,6901,2573,2440,6730,2760,1860,2115,2395,520,1875,2440,6901,4283.4
5350337.01,CT,0337.01,0.2017,1177,630,564,1225,440,240,545,610,240,375,565,1177,5835.4
5350337.02,CT,0337.02,0.6467,2008,884,841,1710,485,435,790,825,305,515,840,2008,3105
5350338.00,CT,0338.00,1.6845,6092,2811,2679,6105,1640,1620,2840,2700,950,1745,2675,6092,3616.5
5350339.00,CT,0339.00,1.8174,6937,3257,3093,6935,1565,1925,3450,3095,1090,2000,3095,6937,3817
5350340.00,CT,0340.00,1.2679,6931,2577,2456,6895,4065,1710,1120,2425,490,1940,2455,6931,5466.5
5350341.02,CT,0341.02,0.8044,4576,1924,1791,4295,2365,1045,890,1765,600,1170,1790,4576,5688.7
5350341.03,CT,0341.03,0.4,3185,1238,1165,3040,2015,785,240,1185,370,815,1165,3185,7962.5
5350341.04,CT,0341.04,0.671,6152,2493,2359,6370,3755,1675,935,2365,780,1590,2360,6152,9168.4
5350342.00,CT,0342.00,1.2368,7329,2438,2368,7395,4405,1975,1020,2455,435,2025,2370,7329,5925.8
5350343.00,CT,0343.00,1.1126,4260,1650,1549,4080,2105,1125,845,1460,395,1070,1550,4260,3828.9
5350344.01,CT,0344.01,1.0624,5183,1973,1841,5150,3260,1170,720,1830,470,1360,1840,5183,4878.6
5350344.02,CT,0344.02,0.2228,3301,1842,1773,3325,2060,835,430,1780,880,905,1770,3301,14816
5350345.00,CT,0345.00,0.7893,4042,1449,1360,4005,2360,1070,580,1360,285,1075,1360,4042,5121
5350346.01,CT,0346.01,1.5133,4630,1707,1612,4630,2740,1385,510,1615,380,1235,1610,4630,3059.5
5350346.02,CT,0346.02,0.4,5323,2030,1959,5320,3600,1210,505,1960,465,1495,1960,5323,13307.5
5350347.00,CT,0347.00,1.4992,3390,1109,1080,3215,1855,895,470,1100,210,890,1080,3390,2261.2
5350348.00,CT,0348.00,2.3159,5780,2020,1947,5255,2455,1615,1185,1955,485,1475,1945,5780,2495.8
5350349.00,CT,0349.00,0.8762,5633,2350,2220,5590,3360,1330,900,2200,605,1595,2220,5633,6428.9
5350350.00,CT,0350.00,3.361,5228,2046,1944,5275,2810,1550,905,1965,575,1390,1945,5228,1555.5
5350351.01,CT,0351.01,0.9749,5376,2119,1993,5275,2840,1450,985,1930,525,1400,1990,5376,5514.4
5350351.02,CT,0351.02,0.5669,2683,1074,1013,2775,1745,605,425,1080,265,815,1015,2683,4732.8
5350352.00,CT,0352.00,1.1268,5278,1917,1829,5180,3385,1275,520,1830,430,1400,1830,5278,4684.1
5350353.02,CT,0353.02,1.2111,5464,1717,1641,5305,3020,1580,705,1610,260,1355,1640,5464,4511.6
5350353.03,CT,0353.03,0.4081,3000,1094,1044,2885,1995,715,180,1050,275,775,1045,3000,7351.1
5350353.04,CT,0353.04,0.6296,4255,1637,1531,4280,2670,1125,485,1545,385,1160,1530,4255,6758.3
5350354.00,CT,0354.00,1.3228,5421,1847,1716,5415,3550,1280,580,1750,310,1440,1715,5421,4098.1
5350355.02,CT,0355.02,1.1008,5097,1975,1897,5090,3220,1360,510,1895,465,1430,1895,5097,4630.3
5350355.04,CT,0355.04,0.5752,5152,1803,1741,5040,3160,1265,620,1750,340,1415,1740,5152,8956.9
5350355.05,CT,0355.05,0.3124,3525,1488,1395,3605,2335,845,420,1375,410,960,1395,3525,11283.6
5350355.06,CT,0355.06,0.1918,1791,610,586,1630,945,490,200,575,160,420,585,1791,9337.9
5350356.00,CT,0356.00,1.5419,4962,1599,1515,4755,2535,1440,775,1500,265,1230,1515,4962,3218.1
5350357.01,CT,0357.01,1.0372,6706,2480,2351,6895,4245,2120,525,2375,720,1650,2350,6706,6465.5
5350357.02,CT,0357.02,1.0921,5001,1775,1704,4800,2560,1510,735,1685,375,1305,1705,5001,4579.3
5350358.01,CT,0358.01,1.1212,3504,1181,1116,3615,1795,1010,810,1150,215,935,1115,3504,3125.2
5350358.02,CT,0358.02,0.6179,5280,2151,2042,5210,2995,1320,895,2005,675,1325,2045,5280,8545.1
5350358.03,CT,0358.03,1.0926,5718,2298,2209,5525,3050,1445,1030,2215,855,1360,2205,5718,5233.4
5350359.00,CT,0359.00,2.2076,7681,2947,2760,7570,4295,2015,1260,2760,720,2040,2760,7681,3479.3
5350360.00,CT,0360.00,4.5229,6231,2126,2049,6215,2995,1880,1345,2050,310,1740,2045,6231,1377.7
5350361.01,CT,0361.01,2.9344,6037,2023,1972,5970,2175,1910,1890,1975,260,1710,1975,6037,2057.3
5350361.02,CT,0361.02,2.4706,7416,2490,2449,7410,3040,2300,2070,2445,285,2165,2445,7416,3001.7
5350362.01,CT,0362.01,2.4932,6291,2145,2085,6440,3620,1975,845,2095,395,1700,2085,6291,2523.3
5350362.02,CT,0362.02,1.9403,5803,1765,1696,5775,3610,1675,495,1695,170,1525,1695,5803,2990.8
5350362.03,CT,0362.03,3.2757,6875,2200,2098,6850,4410,1810,630,2095,250,1840,2100,6875,2098.8
5350362.04,CT,0362.04,1.3474,5240,1918,1839,4925,2810,1470,645,1830,465,1365,1840,5240,3889
5350363.02,CT,0363.02,1.1895,3270,1126,1089,3135,1760,880,495,1050,185,865,1090,3270,2749.1
5350363.04,CT,0363.04,1.1258,3908,1172,1150,4005,2645,1045,315,1175,160,1020,1150,3908,3471.3
5350363.05,CT,0363.05,0.5046,4665,1779,1695,4680,3095,1215,375,1705,420,1290,1695,4665,9244.9
5350363.06,CT,0363.06,0.821,7176,3441,3267,7340,5325,1675,345,3230,1025,2205,3265,7176,8740.6
5350363.07,CT,0363.07,2.2422,5164,2011,1934,4975,3245,1270,460,1970,650,1325,1935,5164,2303.1
5350364.01,CT,0364.01,2.863,5865,2029,1942,5835,3575,1555,705,1940,395,1550,1940,5865,2048.6
5350364.02,CT,0364.02,0.7384,3110,999,951,2895,1760,775,360,930,165,770,950,3110,4211.8
5350365.00,CT,0365.00,1.5674,7650,2450,2328,7740,5020,2065,655,2350,345,2005,2325,7650,4880.7
5350366.00,CT,0366.00,1.4384,6228,2157,2080,6170,3795,1435,940,2100,395,1705,2080,6228,4329.8
5350367.01,CT,0367.01,0.7132,4534,1394,1353,4420,2985,1120,315,1365,180,1180,1350,4534,6357.3
5350367.02,CT,0367.02,1.0307,3560,1222,1170,3670,2120,1065,480,1160,195,965,1170,3560,3454
5350368.01,CT,0368.01,0.8885,6624,3770,3438,6665,4865,1415,385,3510,1450,2055,3440,6624,7455.3
5350368.02,CT,0368.02,1.5627,4365,1621,1563,4055,2455,1040,565,1495,410,1080,1560,4365,2793.2
5350369.00,CT,0369.00,2.4493,8145,2489,2415,7960,4650,2320,995,2415,345,2070,2415,8145,3325.4
5350370.01,CT,0370.01,1.7559,9656,3795,3680,9480,6485,2480,520,3680,1010,2675,3680,9656,5499.2
5350370.02,CT,0370.02,2.2738,5574,1885,1833,5360,3580,1350,430,1805,360,1440,1830,5574,2451.4
5350370.03,CT,0370.03,0.8572,4262,1446,1377,4290,2395,1220,675,1405,250,1155,1375,4262,4972
5350371.00,CT,0371.00,3.7241,8463,3020,2890,8220,4740,2050,1425,2890,645,2240,2890,8463,2272.5
5350372.00,CT,0372.00,1.3179,4333,1514,1442,4400,2495,1080,825,1470,265,1205,1440,4333,3287.8
5350373.00,CT,0373.00,0.9586,4934,1874,1767,4860,2790,1290,780,1740,375,1360,1770,4934,5147.1
5350374.01,CT,0374.01,1.1867,5150,1937,1799,5340,3385,1400,555,1800,285,1515,1795,5150,4339.8
5350374.02,CT,0374.02,0.8023,3171,1084,1066,3185,2105,775,310,1080,230,850,1065,3171,3952.4
5350374.03,CT,0374.03,0.808,4053,1700,1607,3845,2745,740,360,1590,535,1055,1610,4053,5016.1
5350375.01,CT,0375.01,0.9531,6266,2799,2723,6235,4475,1280,480,2700,935,1760,2720,6266,6574.3
5350375.02,CT,0375.02,0.6138,1887,695,675,1820,725,620,480,675,165,510,675,1887,3074.3
5350375.03,CT,0375.03,0.8111,5221,1908,1847,5275,3410,1370,490,1845,390,1455,1845,5221,6436.9
5350375.04,CT,0375.04,0.9213,5785,1934,1882,5780,4100,1320,360,1895,310,1580,1880,5785,6279.2
5350375.05,CT,0375.05,1.1294,6915,2768,2684,6930,4310,1760,860,2710,810,1900,2685,6915,6122.7
5350376.01,CT,0376.01,1.046,5025,1653,1598,5010,3340,1325,340,1590,195,1395,1600,5025,4804
5350376.02,CT,0376.02,0.8583,4667,1639,1566,4730,3480,1095,155,1600,280,1320,1565,4667,5437.5
5350376.04,CT,0376.04,1.1941,5296,2030,1927,5250,3970,1030,250,1945,395,1550,1925,5296,4435.1
5350376.05,CT,0376.05,1.2908,6299,2043,1979,6290,4755,1445,85,1980,355,1620,1980,6299,4879.9
5350376.06,CT,0376.06,2.1919,428,252,222,280,265,0,0,205,135,70,220,428,195.3
5350376.08,CT,0376.08,0.8788,6056,2222,2157,5975,4265,1400,305,2125,415,1715,2155,6056,6891.2
5350376.09,CT,0376.09,0.801,4250,1639,1582,4125,3235,795,95,1570,355,1210,1580,4250,5305.9
5350376.11,CT,0376.11,0.4704,3313,1053,1021,3200,2205,845,145,995,120,870,1020,3313,7042.9
5350376.12,CT,0376.12,0.9122,5081,1921,1867,5185,3615,1260,310,1895,430,1460,1865,5081,5570.1
5350376.13,CT,0376.13,0.511,3626,1379,1327,3465,2680,675,110,1320,285,1040,1325,3626,7095.9
5350376.14,CT,0376.14,0.7362,3472,1078,1049,3630,2640,895,95,1055,80,970,1050,3472,4716.1
5350376.15,CT,0376.15,0.9131,3560,1572,1508,3590,2830,580,180,1515,370,1145,1510,3560,3898.8
5350376.16,CT,0376.16,0.2715,4484,1959,1846,4150,2855,940,355,1840,735,1110,1845,4484,16515.7
5350377.02,CT,0377.02,1.906,4356,1466,1384,4350,2820,1130,400,1360,165,1195,1385,4356,2285.4
5350377.03,CT,0377.03,0.6501,2682,862,841,2630,1770,630,240,830,110,725,840,2682,4125.5
5350377.04,CT,0377.04,0.8833,5466,1716,1655,5510,4040,1355,115,1665,185,1480,1655,5466,6188.2
5350377.06,CT,0377.06,0.5117,3408,985,957,3325,2580,675,65,950,115,835,955,3408,6660.2
5350377.07,CT,0377.07,0.7646,4556,1313,1273,4350,3150,1025,175,1300,110,1185,1270,4556,5958.7
5350377.08,CT,0377.08,1.2682,4912,1737,1670,5005,3595,1130,280,1710,295,1415,1670,4912,3873.2
5350377.09,CT,0377.09,0.7807,5506,2998,2735,5395,3955,1235,215,2720,1095,1620,2735,5506,7052.6
5350378.02,CT,0378.02,1.0584,2970,943,900,3075,2170,770,130,915,95,820,900,2970,2806.1
5350378.03,CT,0378.03,2.198,7948,2886,2684,7945,5170,2010,760,2685,510,2180,2685,7948,3616
5350378.04,CT,0378.04,1.2793,5958,1805,1736,6020,3895,1845,275,1735,260,1480,1740,5958,4657.2
5350378.05,CT,0378.05,0.7276,3905,1246,1194,3765,2325,990,455,1185,165,1015,1195,3905,5367
5350378.06,CT,0378.06,1.7819,5763,1733,1643,5745,3865,1550,325,1645,170,1475,1645,5763,3234.2
5350378.07,CT,0378.07,2.8047,6694,2292,2204,6345,4435,1545,365,2190,405,1785,2205,6694,2386.7
5350378.08,CT,0378.08,0.8857,6275,2167,2046,6195,4370,1505,315,2025,310,1720,2045,6275,7084.8
5350378.11,CT,0378.11,0.9593,5633,1801,1734,5555,3630,1625,305,1735,285,1455,1735,5633,5872
5350378.12,CT,0378.12,0.7839,5300,1991,1880,5435,3530,1335,575,1890,480,1405,1880,5300,6761.1
5350378.14,CT,0378.14,0.9291,3707,1183,1141,3610,2605,875,130,1130,140,990,1145,3707,3989.9
5350378.16,CT,0378.16,0.6381,5695,2005,1883,5725,3985,1585,155,1880,360,1525,1885,5695,8924.9
5350378.17,CT,0378.17,0.474,3265,963,922,3225,1925,995,305,920,95,830,920,3265,6888.2
5350378.18,CT,0378.18,0.0909,2587,1112,1081,2655,1925,595,130,1090,295,800,1080,2587,28459.8
5350378.19,CT,0378.19,4.5022,4808,1433,1389,4810,3390,1320,100,1385,115,1265,1390,4808,1067.9
5350378.20,CT,0378.20,0.1095,1918,772,760,1845,1500,300,40,750,185,565,760,1918,17516
5350378.21,CT,0378.21,0.7018,3612,1062,1036,3560,2510,915,140,1035,105,930,1040,3612,5146.8
5350378.22,CT,0378.22,0.5321,3114,890,867,3155,2390,740,25,875,70,805,865,3114,5852.3
5350378.23,CT,0378.23,1.5314,3840,1325,1283,3925,2895,895,135,1295,200,1095,1285,3840,2507.5
5350378.24,CT,0378.24,2.5129,5820,2199,2126,5665,4440,1170,55,2140,560,1585,2130,5820,2316
5350378.25,CT,0378.25,4.726,7612,1901,1862,7520,4900,2535,85,1835,105,1725,1860,7612,1610.7
5350378.26,CT,0378.26,1.6267,4867,1234,1213,4960,3240,1615,100,1245,70,1170,1215,4867,2991.9
5350378.27,CT,0378.27,19.9096,5547,1565,1526,5535,3500,1755,280,1530,150,1375,1525,5547,278.6
5350378.28,CT,0378.28,2.2278,6946,2017,1931,6925,4320,2255,350,1930,215,1720,1935,6946,3117.9
5350802.01,CT,0802.01,2.1742,4011,1328,1303,3850,1800,1090,965,1295,180,1115,1300,4011,1844.8
5350802.02,CT,0802.02,2.257,5373,1830,1799,5455,1965,1645,1850,1810,215,1590,1800,5373,2380.6
